word_c,char_c,word,bpe,character,morfessor,morpheme
21,98,104.0253095626831,113.67691493034363,125.78494715690613,106.95691061019897,91.91132164001465
9,43,20.657121181488037,39.51887893676758,38.919273138046265,33.995213985443115,19.456582069396973
19,107,82.04490852355957,89.89226388931274,91.60186791419983,81.88519144058228,76.26045656204224
15,78,74.4060549736023,103.01550102233887,93.47341108322144,83.7932596206665,77.44833040237427
15,76,73.05502033233643,79.89867687225342,85.67853045463562,79.04900646209717,70.34541368484497
10,55,60.818336486816406,104.11756539344788,103.56287217140198,97.41623830795288,46.1497368812561
16,94,72.49479579925537,87.01285934448242,87.76029348373413,79.97446966171265,66.42295455932617
15,87,83.56104850769043,125.8714005947113,110.2974374294281,107.91473197937012,91.12677717208862
16,84,82.15423440933228,96.17982387542725,95.92280697822571,96.12449359893799,77.7560544013977
25,118,91.24090242385864,92.881995677948,94.82263851165771,89.58128881454468,84.84240102767944
11,52,51.221994400024414,67.19558668136597,59.7424476146698,47.07142877578735,45.415940284729004
15,86,76.96929693222046,83.24658632278442,84.06824803352356,73.59792375564575,65.338369846344
28,156,153.1607789993286,169.6309769153595,168.35171723365784,148.4460825920105,133.90194368362427
32,181,187.21657371520996,229.49129438400269,191.2835566997528,194.2123670578003,173.29754781723022
38,178,149.4337511062622,186.211341381073,180.79905676841736,166.48059701919556,135.58244514465332
11,56,62.055816650390625,72.80293464660645,70.93691778182983,69.25903415679932,65.38931179046631
17,95,84.17820310592651,119.6050672531128,122.68433046340942,124.40880250930786,64.63071250915527
23,132,129.84716272354126,147.97639417648315,146.4465811252594,125.41830730438232,110.03967380523682
21,124,100.19184350967407,128.2187271118164,135.276043176651,106.9751968383789,70.36153650283813
14,60,53.667222023010254,70.86622643470764,63.7800555229187,59.39617919921875,42.491092681884766
45,230,196.8243727684021,233.5417606830597,246.69393014907837,229.9597716331482,168.3388752937317
28,134,129.87476205825806,167.3042676448822,156.52296447753906,138.53913974761963,117.65014553070068
26,151,108.53559494018555,142.42477416992188,135.9525589942932,123.01334524154663,91.18320322036743
12,61,61.00187110900879,82.88491868972778,99.36986780166626,86.02931308746338,50.75606918334961
27,159,144.83130979537964,185.31512761116028,180.94535326957703,161.6981439590454,129.2367024421692
21,105,102.11958646774292,127.34417653083801,131.48524284362793,118.65077924728394,82.59676551818848
15,72,101.68889236450195,119.7335433959961,112.59436750411987,93.04825639724731,77.54143524169922
19,95,64.24664449691772,103.83013391494751,88.43216919898987,88.35029745101929,58.78497552871704
30,149,143.2643723487854,169.1019959449768,162.5842399597168,159.14300441741943,116.16144514083862
26,129,104.247398853302,115.04013323783875,117.21110439300537,106.1563172340393,100.23479223251343
25,137,130.08775234222412,163.13585019111633,169.6975965499878,158.14827823638916,116.9048056602478
20,106,106.95708990097046,140.1205244064331,138.01678848266602,126.38639450073242,78.1579818725586
36,207,214.63561344146729,300.1315929889679,289.99152517318726,271.8928623199463,183.2676100730896
14,62,52.24253034591675,66.59855699539185,73.39136576652527,73.52198123931885,43.65412616729736
15,71,81.83091878890991,95.58415269851685,93.08527660369873,79.38221645355225,48.21363306045532
18,83,106.73027038574219,124.83070945739746,131.89888954162598,125.52289390563965,65.68328142166138
15,80,95.3378472328186,133.66578769683838,131.74087405204773,117.9331169128418,54.09807538986206
31,151,125.74590349197388,140.20093297958374,165.827166557312,142.05409955978394,100.63557767868042
30,148,122.53647375106812,146.16651439666748,163.58299255371094,160.73803901672363,98.73473501205444
22,116,139.7147798538208,210.93018889427185,192.04729676246643,183.1462116241455,102.22845411300659
20,98,122.58410787582397,156.39580583572388,167.12019968032837,156.82584524154663,109.62092399597168
34,166,218.8558406829834,256.86855030059814,281.8475742340088,285.0483646392822,151.64588737487793
23,101,97.95399522781372,126.20983099937439,132.88389444351196,134.31466484069824,64.50558948516846
12,63,68.00004720687866,138.79938173294067,142.45630264282227,143.66483402252197,58.973116397857666
35,199,192.99403524398804,262.13466691970825,260.4834158420563,269.50995540618896,171.1572961807251
23,115,119.84181213378906,185.06688475608826,183.4100034236908,167.67135334014893,138.2492756843567
21,123,143.31062936782837,168.99953889846802,163.63501238822937,154.6871280670166,131.8231806755066
32,156,159.59785079956055,206.52505826950073,192.32953476905823,183.8976707458496,129.83719301223755
19,88,68.52902364730835,93.31106662750244,89.6515007019043,96.28762149810791,48.74389600753784
28,155,159.97134828567505,170.47845578193665,183.48331332206726,176.57709503173828,144.91221952438354
34,182,176.08106088638306,179.89824652671814,213.67134761810303,178.9935278892517,118.40552806854248
21,104,108.01719427108765,148.5799171924591,151.4843111038208,129.36911535263062,100.0367546081543
11,60,64.29543495178223,75.77780866622925,72.10890984535217,67.81187009811401,46.594645977020264
19,90,96.39666032791138,112.86422395706177,109.9230227470398,108.76662540435791,83.84290361404419
20,96,68.82186031341553,89.30284452438354,98.06193685531616,87.86081552505493,59.20147895812988
15,73,49.45385026931763,57.73134708404541,62.069666624069214,51.470223903656006,42.9457893371582
25,120,141.16738557815552,158.7831814289093,150.2039818763733,145.18515968322754,139.8803791999817
16,87,94.20604705810547,109.13046526908875,110.91688370704651,101.60632991790771,91.96665287017822
25,136,106.84742641448975,120.25095725059509,130.0589599609375,126.68331623077393,96.17676448822021
40,237,217.77152299880981,243.75251698493958,248.8618996143341,243.70072889328003,214.16333293914795
35,175,179.37627172470093,197.4546947479248,184.6798665523529,176.9160237312317,170.86742687225342
29,175,149.3255434036255,197.84863567352295,181.8843002319336,170.5547308921814,133.22072172164917
24,122,120.16995286941528,168.95982027053833,160.63979864120483,153.8133406639099,76.76630067825317
11,60,51.06477403640747,64.8568685054779,64.55657601356506,63.992164611816406,38.254793643951416
32,193,202.9301118850708,265.96806168556213,237.43279790878296,209.908127784729,194.91465950012207
32,194,219.15067720413208,263.0310926437378,247.58122205734253,220.754723072052,198.63294219970703
21,108,128.3406219482422,140.16378211975098,136.65560293197632,119.55361604690552,130.62508344650269
19,107,128.98037719726562,158.994642496109,133.66017866134644,125.9192762374878,91.64499521255493
21,127,88.94769096374512,105.45305156707764,111.95524024963379,99.3097653388977,83.77605056762695
17,80,83.24178647994995,107.26285099983215,92.99604630470276,85.75041484832764,72.40332365036011
25,126,128.0020260810852,145.21372532844543,133.67723774909973,129.5911808013916,113.76562070846558
9,44,52.23452377319336,61.31506156921387,66.4070405960083,63.35011386871338,45.88236999511719
28,161,153.05271005630493,174.29143524169922,174.01290082931519,161.24649715423584,103.91186189651489
20,115,103.08760023117065,118.58468651771545,115.10196042060852,114.52080392837524,77.41660022735596
12,67,49.5620813369751,59.89113235473633,64.20824408531189,63.07954454421997,45.108423709869385
17,102,93.3379430770874,124.75072956085205,105.79116296768188,101.22258853912354,95.1357831954956
14,82,63.38186454772949,107.81694984436035,113.93533492088318,116.88919115066528,52.04483366012573
42,220,160.9417176246643,213.47441816329956,182.76312804222107,181.11337089538574,121.2570366859436
22,113,115.97744846343994,125.32503056526184,133.91269278526306,123.72654104232788,94.75892639160156
26,136,126.44245433807373,166.17025876045227,169.05038905143738,165.25785398483276,123.41479969024658
25,125,117.65212774276733,130.03613924980164,135.1129150390625,129.7999291419983,105.52555131912231
19,102,108.47292041778564,123.17688703536987,132.49574065208435,105.63821220397949,103.00358057022095
12,72,65.21831130981445,80.7578022480011,78.3614912033081,67.43057775497437,67.95513343811035
31,165,172.12033891677856,221.52283644676208,211.8371512889862,183.2439160346985,172.82946157455444
11,54,44.63083362579346,78.46165466308594,74.00898027420044,71.59302997589111,51.49298906326294
20,110,82.31779861450195,85.17824196815491,98.10746097564697,96.19105386734009,71.17730379104614
26,144,131.09461641311646,147.933580160141,127.62895679473877,115.09459352493286,105.65972328186035
30,162,142.78937911987305,152.8179898262024,162.94529795646667,135.22410011291504,130.6109914779663
21,112,117.79664850234985,125.80804181098938,131.31232595443726,111.23143291473389,98.0906925201416
28,146,140.8603572845459,135.01989674568176,137.32335710525513,136.7037787437439,123.53743743896484
11,52,44.20288419723511,38.87000393867493,37.54343843460083,41.42869567871094,32.86758899688721
25,135,116.55613136291504,128.29459929466248,122.0669093132019,111.93097734451294,84.45688533782959
21,115,110.1300778388977,137.27711367607117,132.7278881072998,110.10749959945679,99.13548994064331
17,107,116.71413564682007,128.83774089813232,128.8230631351471,130.4565348625183,98.56936073303223
30,164,160.61289072036743,177.73663449287415,175.63523769378662,171.9115490913391,148.78787088394165
17,115,97.479736328125,153.244886636734,140.35860180854797,131.31059551239014,91.87400436401367
15,97,75.77908277511597,99.80059957504272,97.76073622703552,80.48110675811768,66.18698501586914
23,123,141.6168417930603,191.55051183700562,181.75048804283142,177.46666860580444,96.26050043106079
24,131,150.03042364120483,205.75244331359863,217.71825623512268,199.85683250427246,170.66894149780273
10,51,52.28449201583862,81.05845808982849,68.14576053619385,55.814857959747314,40.42885971069336
19,117,139.06882429122925,179.2842423915863,163.2460482120514,144.42705535888672,116.52587652206421
37,206,192.20446062088013,231.27002000808716,237.1358940601349,225.08620643615723,177.73503160476685
17,86,63.55236768722534,82.48241376876831,76.1227490901947,68.36045408248901,56.5250563621521
20,112,103.40241432189941,140.34458017349243,133.68233609199524,121.45550680160522,98.45054244995117
35,203,217.14720487594604,272.4679853916168,244.34282422065735,229.83544778823853,229.42573881149292
14,72,85.27349328994751,92.708505153656,86.57812356948853,89.95314741134644,81.16951179504395
33,152,160.30915594100952,182.3869068622589,174.88640189170837,170.22303009033203,134.65757989883423
16,90,81.48609352111816,77.41140151023865,75.64266419410706,74.94653606414795,66.54480218887329
12,66,56.85325908660889,70.30355644226074,65.69266104698181,59.228694915771484,49.72114324569702
19,107,78.33817291259766,105.08228421211243,86.26999163627625,78.87046146392822,73.81668519973755
13,61,65.16380786895752,81.77356910705566,81.32245755195618,60.8346848487854,52.35982942581177
21,118,117.48243618011475,140.94074749946594,143.38405227661133,127.85866832733154,109.94352388381958
15,100,120.6451530456543,167.02166271209717,167.02299618721008,176.91530847549438,116.88035440444946
11,68,73.97370719909668,90.19835329055786,97.62575554847717,100.85326480865479,64.09674787521362
13,69,76.1602840423584,99.04065275192261,92.84010076522827,102.43580532073975,55.17952919006348
11,56,45.956350803375244,62.41968774795532,56.73510003089905,49.36706829071045,46.83195877075195
22,127,113.13629913330078,143.10981631278992,137.7765610218048,130.5034966468811,117.06708526611328
22,101,133.8329381942749,156.49541592597961,153.9418067932129,138.7244086265564,112.30083274841309
35,183,183.0883011817932,208.8155872821808,193.64996910095215,192.26411867141724,165.38079404830933
31,153,134.55244636535645,161.63615012168884,158.64699959754944,156.42841720581055,134.02023458480835
30,159,147.90678358078003,181.688250541687,170.17778635025024,172.65045166015625,165.28050899505615
33,163,133.76063299179077,164.52301812171936,154.57377982139587,140.97615671157837,122.36762952804565
14,70,73.24792528152466,89.38484311103821,97.02560830116272,99.38418531417847,65.3387222290039
29,154,169.9650993347168,190.40609335899353,174.53868627548218,174.82921838760376,164.42290019989014
30,141,125.6766996383667,147.20109820365906,146.37784910202026,132.61704015731812,122.710205078125
15,62,57.08826208114624,64.77580142021179,74.42049503326416,64.90853691101074,45.519325256347656
25,107,124.67472743988037,135.45206141471863,128.72643089294434,127.06618976593018,118.06775283813477
21,94,104.83685636520386,122.24769639968872,123.65097999572754,123.03579950332642,104.45270729064941
21,103,100.50241327285767,120.04140114784241,135.22530317306519,117.51272344589233,98.49257946014404
25,148,127.0528507232666,144.36245489120483,139.7378387451172,131.44418287277222,108.5298433303833
29,162,127.30366039276123,144.91645646095276,138.0058090686798,152.16254043579102,115.90929698944092
24,143,132.4913353919983,148.9495906829834,146.03329706192017,134.9735403060913,122.02919673919678
23,128,113.34467315673828,121.7065863609314,117.15027642250061,119.4503026008606,105.75064659118652
20,123,83.35796403884888,101.85521817207336,99.74059176445007,87.80651998519897,72.36733770370483
22,100,109.31838464736938,115.35679316520691,113.12749290466309,110.9231767654419,90.53793668746948
15,63,62.936238288879395,71.78506016731262,71.9036934375763,71.24470615386963,57.955984592437744
38,210,198.06552982330322,212.6272735595703,222.11557149887085,205.13551664352417,157.9823293685913
15,73,54.50274705886841,72.29164052009583,75.41540503501892,61.222732067108154,47.536561012268066
20,112,96.75349235534668,140.00663495063782,129.05284142494202,114.64135932922363,90.51062488555908
9,42,44.62954807281494,49.42783308029175,54.021758794784546,54.14462423324585,34.949517250061035
19,100,118.07889938354492,134.66581082344055,136.0837574005127,134.33468008041382,74.88180112838745
16,76,67.84967803955078,77.2229871749878,77.18852996826172,71.35056161880493,63.18961715698242
16,84,69.32093715667725,96.0094952583313,88.6111536026001,85.4486494064331,49.864322662353516
31,160,122.49073123931885,148.97495770454407,153.5443196296692,140.78503561019897,117.65527439117432
38,198,187.7370080947876,234.18700575828552,236.03493404388428,219.59430980682373,150.82422590255737
31,180,182.45642185211182,204.73045349121094,187.56523752212524,171.9693899154663,187.26302671432495
17,74,75.17274141311646,95.66868782043457,90.24586224555969,79.03175926208496,61.89283084869385
18,110,108.5038800239563,112.76678562164307,112.56813788414001,106.33802032470703,96.6731481552124
28,148,118.23301696777344,154.11129355430603,139.48362350463867,129.6093349456787,113.30661249160767
25,138,101.4406361579895,112.03553771972656,133.38538908958435,114.64939308166504,86.50598192214966
14,74,60.71841335296631,65.8386607170105,70.6465334892273,68.13852834701538,46.91728162765503
36,204,196.85013008117676,247.52453565597534,249.98806643486023,225.67172002792358,182.34250783920288
14,70,62.86371183395386,79.1966986656189,80.32649159431458,68.65887308120728,47.91039705276489
14,76,57.900546073913574,76.80558943748474,82.12556791305542,78.7024073600769,47.73660755157471
29,172,136.2562713623047,176.82610893249512,166.46880078315735,153.57418966293335,115.8147349357605
26,139,159.4864273071289,201.86159920692444,208.3695900440216,202.01750707626343,139.74615955352783
24,153,147.13944625854492,236.77300596237183,203.91018199920654,224.92444324493408,129.86014032363892
18,103,90.59256744384766,99.50055932998657,95.63611030578613,87.68689346313477,93.77799129486084
17,80,66.51705503463745,86.02659368515015,78.2825345993042,71.95692300796509,64.40944623947144
24,118,114.02911424636841,123.95559167861938,140.9125838279724,132.6760835647583,93.69967889785767
18,96,62.677531242370605,90.31976246833801,88.59324502944946,84.20353507995605,62.12530469894409
29,158,178.09811639785767,193.12053084373474,186.16096997261047,186.29552268981934,168.86609363555908
29,139,149.2895541191101,181.65513682365417,185.81112575531006,162.26988792419434,105.21194362640381
18,96,109.52370357513428,144.2621831893921,132.56997323036194,141.8583960533142,88.91538286209106
11,57,45.53125810623169,68.27617692947388,64.95555138587952,53.6589035987854,34.58568572998047
22,111,116.37413263320923,146.95065188407898,160.19755053520203,135.29836416244507,118.39715957641602
24,123,156.8483362197876,186.49506282806396,168.5856499671936,148.73604774475098,148.46906518936157
27,148,168.0127911567688,211.55449151992798,202.12374472618103,177.76839351654053,188.53376483917236
12,61,64.59792613983154,84.4373152256012,74.22316908836365,61.85532474517822,55.77978706359863
20,103,109.01915645599365,142.94745802879333,134.30299735069275,121.99164581298828,105.32523584365845
31,156,162.3627209663391,171.43879508972168,164.1492886543274,157.13547325134277,155.71834135055542
14,57,52.75083351135254,66.25622534751892,73.70470452308655,67.21023464202881,30.33002758026123
18,88,82.89439582824707,109.31570506095886,103.28569436073303,96.51580810546875,64.9656171798706
20,102,93.38675212860107,95.26488852500916,98.33227038383484,102.39161205291748,86.78432416915894
26,117,93.2276930809021,105.32116770744324,106.18726348876953,97.23276042938232,76.67153406143188
20,83,77.2195029258728,82.87356948852539,84.64077663421631,77.61940288543701,59.755167961120605
18,98,96.98674821853638,109.22904443740845,105.39791059494019,97.76614236831665,80.41310930252075
34,173,163.51355457305908,185.36987972259521,197.12221431732178,183.09254932403564,137.5547389984131
21,120,86.92776489257812,101.3447618484497,108.12311673164368,92.0332579612732,69.3081865310669
17,91,69.1200122833252,79.83271789550781,80.5532922744751,82.52337455749512,60.07396459579468
19,96,89.83595561981201,100.16070508956909,99.33930826187134,100.00872898101807,65.99207544326782
31,180,204.19577312469482,240.97062015533447,233.86746454238892,234.02589082717896,186.31054830551147
36,181,180.86633968353271,197.51553535461426,183.3235182762146,179.37818145751953,136.97582817077637
29,153,138.6081051826477,146.31620740890503,146.01319003105164,135.91075563430786,130.3314790725708
20,129,156.33845281600952,173.8040771484375,141.7807252407074,146.5200023651123,129.1761450767517
13,63,87.08871984481812,92.25093173980713,74.85018181800842,76.02188968658447,71.41405200958252
28,147,146.74384593963623,168.7964825630188,152.54936695098877,149.8942551612854,131.76172876358032
35,198,174.81549215316772,210.32285499572754,208.79467725753784,194.20475387573242,151.71868753433228
25,130,126.38684797286987,152.62990927696228,141.2107458114624,135.52818775177002,112.46174097061157
14,80,76.39395666122437,82.14750456809998,73.89827060699463,81.3414216041565,58.77969312667847
17,86,81.43154859542847,79.60410356521606,81.88010883331299,76.16376876831055,56.40087556838989
16,84,63.26622438430786,81.72301912307739,82.72237825393677,67.78946495056152,63.50610303878784
30,160,126.10571908950806,124.04485630989075,132.2248785495758,129.19110536575317,126.55235004425049
33,202,190.44447088241577,210.6151728630066,188.2336118221283,199.7400345802307,162.60036516189575
16,75,68.24674987792969,66.97385811805725,68.40106415748596,65.24560785293579,52.904863357543945
17,82,65.7533540725708,79.1435797214508,78.3465085029602,69.96235227584839,57.01328086853027
16,81,71.76420545578003,89.93657302856445,86.53771257400513,74.54610347747803,69.39266681671143
19,106,98.43573570251465,129.45601797103882,119.78778648376465,100.64990568161011,93.30957555770874
18,99,102.23614597320557,139.09720253944397,138.05538392066956,118.30230951309204,90.8556604385376
35,169,165.12371110916138,196.79501008987427,175.36968564987183,164.1395444869995,112.94238090515137
24,116,129.2127652168274,132.94529509544373,130.49152302742004,125.16817092895508,127.93562507629395
15,82,100.08466911315918,118.71300983428955,97.39208483695984,105.77671432495117,94.54858016967773
21,127,137.87912225723267,161.20116543769836,155.10977959632874,133.90284776687622,116.21833992004395
11,55,52.01638889312744,70.2016773223877,68.42747783660889,54.83403396606445,51.9619345664978
9,48,53.23134231567383,59.47120904922485,57.51949167251587,60.86752891540527,52.48756742477417
12,65,50.363211154937744,90.57945108413696,74.01272654533386,69.66305494308472,72.0542631149292
26,138,133.0303692817688,141.72239565849304,135.57128524780273,130.7933793067932,113.34901714324951
28,157,138.66198110580444,154.3703489303589,159.99325156211853,149.19637537002563,159.3788661956787
22,111,131.58648872375488,142.58260345458984,138.72347283363342,132.00319814682007,117.20078563690186
23,124,95.64405488967896,112.77657151222229,117.85229182243347,92.4995985031128,82.49456024169922
20,108,83.69502639770508,100.04495453834534,93.74540519714355,93.10175275802612,81.42512702941895
15,79,64.98154163360596,114.60434579849243,117.78030347824097,96.31138229370117,50.63007354736328
18,109,101.35657691955566,111.2395510673523,111.25348567962646,121.96781969070435,86.9639663696289
14,72,71.86986207962036,92.50282692909241,81.20833611488342,80.71006727218628,40.48679161071777
10,53,39.524296283721924,61.689794063568115,63.109174966812134,51.440359115600586,37.06256055831909
22,128,132.89972639083862,159.2545623779297,168.81867027282715,167.6873755455017,110.3935923576355
18,98,103.84532356262207,140.90920233726501,143.41750526428223,138.37831449508667,82.00767755508423
17,99,103.28161239624023,123.64957761764526,120.02786898612976,126.07264280319214,81.25852108001709
15,75,111.52158308029175,153.5671784877777,161.54373478889465,146.24785614013672,66.08960676193237
24,140,134.7264051437378,172.93639278411865,166.7974886894226,135.84696245193481,129.1618013381958
27,140,149.8315553665161,149.11862421035767,164.06012439727783,156.43601036071777,146.07316160202026
31,160,141.43072032928467,167.9962019920349,162.0033733844757,149.9990530014038,126.26608276367188
19,100,98.12543392181396,112.41482424736023,104.52918553352356,100.27903652191162,81.44920349121094
14,72,65.93160057067871,102.39620780944824,91.45608925819397,71.79857683181763,58.19795560836792
21,111,103.10541248321533,108.49615383148193,114.25274658203125,103.92749786376953,75.1013388633728
22,128,101.1512508392334,123.19397449493408,124.37828207015991,118.62869834899902,109.13670873641968
11,61,69.53597927093506,95.91830587387085,81.53297781944275,80.53416395187378,44.67194318771362
25,147,140.59054040908813,194.28662300109863,202.7190637588501,178.31583452224731,114.5812087059021
14,64,61.793049812316895,80.99018907546997,82.02782392501831,65.54234027862549,62.07190227508545
27,140,125.33999395370483,175.88033628463745,167.7467167377472,146.0318422317505,115.0273962020874
14,63,45.3070125579834,57.0665283203125,56.93124866485596,49.46020221710205,38.451351165771484
15,84,83.75565671920776,101.82861232757568,109.79037570953369,84.67046165466309,72.05943012237549
30,172,167.86198329925537,210.83751583099365,221.80122208595276,195.78687238693237,133.2280135154724
24,139,149.34286880493164,200.87001061439514,208.24957919120789,192.44978857040405,133.3352828025818
20,119,142.93206596374512,200.83347082138062,197.859943151474,181.64672183990479,97.01365661621094
22,115,91.1485857963562,124.66177868843079,113.9787917137146,116.29634952545166,67.94118356704712
34,183,121.87496995925903,140.69010162353516,150.97024297714233,151.16714525222778,109.49412488937378
41,240,246.00419569015503,318.6941397190094,294.3838703632355,303.9823532104492,195.3488597869873
17,93,45.395132541656494,74.20694160461426,66.18718361854553,63.720717906951904,47.69886589050293
19,91,63.39142608642578,72.98193311691284,81.97976732254028,74.29158353805542,56.25688314437866
26,161,130.39282321929932,158.41186380386353,148.23376369476318,131.64117336273193,122.60989904403687
26,137,104.97643899917603,128.52904629707336,112.40747666358948,111.48830986022949,85.42487478256226
32,166,153.9183759689331,162.37556862831116,168.3620240688324,166.64013481140137,120.87930965423584
13,71,81.46273708343506,102.28906202316284,86.15622901916504,77.24680137634277,58.69887113571167
18,79,66.1928186416626,92.65879893302917,82.00350403785706,71.51694917678833,65.6122407913208
32,177,145.82661771774292,149.32827425003052,156.89786505699158,150.32628345489502,132.98488855361938
18,99,74.03831481933594,89.90676808357239,93.16029858589172,82.8088002204895,73.75086069107056
21,97,92.53435564041138,105.47451853752136,97.69708442687988,87.80836963653564,82.98306083679199
28,133,129.44597959518433,139.94578170776367,130.29128336906433,119.39801692962646,120.68502759933472
31,151,147.47018194198608,157.58102369308472,148.995032787323,142.60566520690918,127.18207359313965
28,153,161.6845417022705,183.55598711967468,157.46238899230957,154.54057836532593,114.49494361877441
24,119,123.17048692703247,133.61234378814697,144.11932253837585,140.21824645996094,100.64100313186646
28,142,133.90841674804688,163.01237750053406,173.60293102264404,148.28109979629517,112.97346544265747
12,57,54.83488845825195,67.65055847167969,80.55783081054688,58.58150911331177,47.08175468444824
25,124,104.966055393219,126.05928564071655,116.74918222427368,109.25044059753418,85.30630779266357
32,170,159.60966682434082,181.1728060245514,179.03789567947388,159.5276436805725,123.71482944488525
18,94,112.98914766311646,134.69789028167725,127.21857762336731,116.26113939285278,96.73196220397949
14,71,47.55264616012573,66.69258332252502,63.49994683265686,56.12765121459961,38.7833571434021
7,36,28.702789306640625,32.577999114990234,34.35950589179993,27.034046173095703,24.78672695159912
19,95,67.25827884674072,91.11685562133789,92.13466310501099,76.10554122924805,61.649048805236816
16,86,75.18570232391357,95.85339379310608,90.79385328292847,79.87144804000854,69.28470230102539
38,203,183.90179824829102,207.38380122184753,209.07829451560974,182.563636302948,165.00380086898804
19,100,73.18592166900635,102.89764976501465,97.51640343666077,79.22597169876099,76.91398191452026
29,155,138.65332508087158,154.49944496154785,165.40612244606018,164.3588047027588,121.73848152160645
21,100,87.21377468109131,105.76889038085938,93.99111151695251,93.40800857543945,74.13537740707397
16,76,99.09495973587036,96.08278155326843,98.28029417991638,94.8579273223877,93.10109043121338
17,84,74.40558671951294,88.61964058876038,91.64435720443726,85.47224950790405,80.50847625732422
28,126,126.20224475860596,134.29603147506714,129.4548623561859,125.36944627761841,108.14919996261597
38,197,176.70433902740479,201.87547397613525,193.47762441635132,182.49967432022095,175.7619047164917
10,56,52.83198928833008,98.26302671432495,102.67476272583008,96.76807880401611,43.87344789505005
24,115,104.96064138412476,128.37391424179077,120.03927516937256,106.12006759643555,91.02973508834839
26,144,120.94902753829956,147.13502097129822,146.2976975440979,130.6230058670044,111.16581916809082
26,132,135.8782148361206,143.97301506996155,157.0960350036621,132.16884803771973,108.01583671569824
26,158,131.05900144577026,134.59895086288452,141.09518432617188,130.2655529975891,96.987144947052
31,182,185.31482315063477,192.54670572280884,186.51834917068481,176.83408451080322,156.6794581413269
24,112,104.25690984725952,108.30808973312378,124.50977969169617,97.93933725357056,98.20873022079468
16,86,63.25287675857544,81.4793393611908,80.31482338905334,65.21581888198853,61.84559440612793
14,68,81.64710187911987,95.63422441482544,99.47255516052246,85.73525476455688,46.59314680099487
24,117,110.06041622161865,129.731600522995,126.4917163848877,118.03178310394287,95.72705698013306
15,82,70.16686582565308,86.83362054824829,82.71665573120117,79.44985675811768,69.65227174758911
27,143,140.56290197372437,157.22319555282593,166.7634904384613,152.74123811721802,133.26235389709473
30,157,219.8353672027588,271.2019398212433,289.31989216804504,279.95879459381104,144.29232454299927
24,130,130.0880880355835,166.48571038246155,159.12038826942444,163.94292974472046,101.57959794998169
8,52,37.90413475036621,53.911059856414795,49.30196785926819,43.14228343963623,34.99340772628784
28,152,130.9865369796753,166.29279804229736,146.57483911514282,165.3415002822876,108.9517731666565
26,161,128.84554529190063,160.8085961341858,141.08394813537598,142.2135887145996,132.51311016082764
8,42,31.277187824249268,43.86436176300049,51.594399213790894,28.458426475524902,24.365596771240234
23,113,104.31412982940674,120.59539890289307,120.75579261779785,122.60944604873657,84.06118822097778
21,135,93.60202550888062,125.53981232643127,111.12571358680725,110.01187658309937,87.8737564086914
16,84,78.23648929595947,102.12089252471924,102.22971320152283,94.88021898269653,83.38851308822632
9,47,39.95998668670654,55.03013896942139,57.747363328933716,36.61328077316284,38.93857479095459
20,108,109.8782148361206,137.27351903915405,146.47034549713135,135.5630235671997,107.93057823181152
16,77,72.4682126045227,96.50541543960571,99.87188959121704,74.49607038497925,76.10576105117798
32,161,136.7292070388794,163.7896912097931,150.46390771865845,149.35699367523193,119.1342339515686
16,100,84.0227427482605,103.12904739379883,95.62042951583862,88.15705156326294,78.97825527191162
14,74,92.64747333526611,116.54721641540527,109.18838858604431,109.91353416442871,72.72143650054932
25,136,127.03400707244873,137.84303379058838,131.61916399002075,123.02707958221436,119.93101072311401
21,112,105.95921468734741,129.39338493347168,137.46332955360413,122.20295572280884,102.35810899734497
19,111,100.7213397026062,129.3788332939148,118.62168884277344,115.79461526870728,99.84576225280762
23,151,130.61924409866333,168.34300303459167,161.64249277114868,163.53210067749023,140.70840883255005
28,156,120.11450529098511,147.34269618988037,145.75970220565796,137.2409176826477,108.50935077667236
17,76,75.39912748336792,90.48226189613342,83.22028827667236,71.943443775177,73.48926591873169
18,94,73.43960666656494,77.47586154937744,87.34487509727478,96.9606204032898,70.29419803619385
38,221,175.12054443359375,192.70121955871582,204.46574640274048,186.04240608215332,150.95058965682983
30,190,182.52574968338013,215.02867794036865,187.09112572669983,179.83591079711914,162.83280992507935
14,79,96.16677379608154,118.98084449768066,116.98982620239258,92.5814299583435,100.38872718811035
15,84,79.9095778465271,127.6613187789917,105.5911295413971,118.9224009513855,85.07147598266602
24,132,127.37996196746826,154.4925446510315,148.12807726860046,138.7728180885315,93.03805112838745
22,113,145.49430799484253,161.96587204933167,158.9834418296814,151.15535593032837,107.76955556869507
39,212,236.65213680267334,257.0692994594574,256.357937335968,253.21846723556519,185.59934949874878
13,58,62.71075916290283,74.70898985862732,66.0516996383667,65.32059860229492,57.29923629760742
20,123,111.52279233932495,129.47546815872192,143.59954857826233,129.08885049819946,85.56363916397095
24,119,125.03680419921875,137.61155033111572,136.0833466053009,126.29162406921387,102.35963773727417
26,152,135.60469675064087,153.65366530418396,189.33380508422852,175.60464525222778,82.84719562530518
19,95,85.92355585098267,113.4642162322998,106.81000781059265,104.3846549987793,79.43524551391602
16,77,72.53958511352539,92.8816409111023,89.25566864013672,70.99695253372192,73.50253105163574
40,212,203.0275435447693,232.41156649589539,225.09729957580566,202.2116026878357,180.3076605796814
22,105,101.50107002258301,115.70409965515137,123.1982786655426,101.67490816116333,96.97052907943726
33,154,158.71065664291382,192.31813836097717,191.28439688682556,170.98296308517456,145.49285745620728
16,93,86.826669216156,91.64661312103271,97.9678955078125,93.26639366149902,73.05044555664062
28,182,208.3222737312317,255.59600472450256,239.77840948104858,238.79815864562988,163.94700956344604
21,95,82.7264199256897,98.2068419456482,90.97780084609985,90.21046447753906,63.558690547943115
25,113,135.63071393966675,173.39665293693542,170.5901653766632,184.51612663269043,97.00321960449219
25,137,128.06076049804688,135.70701932907104,144.57888984680176,126.52709150314331,106.19920635223389
11,50,68.8986268043518,75.79658842086792,77.36398839950562,66.90809488296509,47.812729358673096
11,60,51.201982498168945,70.68289947509766,64.6320903301239,53.27502202987671,55.67689085006714
27,156,120.44767475128174,155.1866307258606,156.86032700538635,153.55792808532715,107.24399757385254
14,80,60.86674356460571,65.86978530883789,77.36068439483643,61.87779474258423,54.48286724090576
14,65,49.402342796325684,61.61210870742798,85.24970626831055,78.51154279708862,42.81506109237671
14,81,67.6357741355896,90.0236029624939,99.61988544464111,98.47953653335571,69.37290287017822
13,78,69.54511499404907,71.27795362472534,68.83088541030884,64.16326141357422,56.15194034576416
16,82,85.85525226593018,116.90754914283752,124.08372807502747,136.36178350448608,67.87581968307495
26,148,143.21233224868774,171.86841702461243,171.14591360092163,144.93120908737183,126.07332229614258
25,160,159.78215408325195,207.1921796798706,213.08297634124756,216.3463954925537,141.37267208099365
8,34,22.88461208343506,22.830883741378784,43.69019961357117,23.894044399261475,21.273720741271973
7,31,42.98279094696045,55.77182912826538,52.92212152481079,69.32102727890015,20.101343154907227
23,121,127.78949689865112,144.27715373039246,133.57142853736877,130.7290301322937,91.40566205978394
27,154,150.80143022537231,164.10299587249756,192.46915745735168,176.32051372528076,127.51727533340454
17,87,100.33276176452637,108.64310646057129,121.34030556678772,118.43047380447388,81.74213600158691
16,98,99.69388437271118,117.44999122619629,124.8293685913086,101.98564338684082,93.22121286392212
29,151,150.16254043579102,169.61918354034424,162.1952772140503,149.0827841758728,137.73553037643433
27,142,108.55171632766724,131.09135794639587,126.33452129364014,122.01390790939331,112.37259531021118
11,48,42.70950698852539,62.094820499420166,63.33326172828674,46.76907157897949,51.69481658935547
22,114,106.69777965545654,132.07305002212524,129.17462372779846,116.1670913696289,94.90112209320068
22,110,98.14705801010132,112.52112293243408,110.88739442825317,110.32363176345825,94.63714742660522
29,135,122.43736410140991,136.92288994789124,137.1742000579834,125.24379634857178,107.66670322418213
31,170,143.27025079727173,168.02881169319153,161.95777940750122,163.41214084625244,116.29808044433594
20,100,91.70831632614136,91.61549139022827,111.28294467926025,110.15400886535645,77.59736824035645
35,176,155.7533450126648,197.9122326374054,181.60891127586365,178.76960515975952,135.11644506454468
19,108,94.58712720870972,113.11311745643616,108.74170541763306,96.64621782302856,85.14621782302856
24,105,120.91000652313232,131.3652195930481,128.46292567253113,126.8372130393982,117.1195478439331
21,97,81.4625506401062,111.95965886116028,110.79518675804138,88.50685787200928,76.25314426422119
22,93,90.12492084503174,110.27380084991455,111.55534410476685,89.89355278015137,88.32631397247314
40,181,158.6329369544983,193.06130123138428,187.8970081806183,186.28720998764038,120.4035096168518
16,108,110.59133768081665,154.66127038002014,144.33188152313232,126.2283992767334,90.02786350250244
30,153,132.14351224899292,160.31210470199585,158.3247423171997,142.3078761100769,126.05324697494507
22,122,99.726318359375,136.7512149810791,135.13121366500854,114.8596625328064,104.42555332183838
30,131,103.39442157745361,118.83887648582458,122.98226833343506,115.88162755966187,85.15698099136353
24,136,132.96880054473877,157.722181558609,143.99451351165771,133.6930227279663,129.76184606552124
23,114,94.48965501785278,115.04503631591797,114.97500729560852,102.5860538482666,81.64157390594482
39,194,179.01644468307495,196.76158022880554,171.32888841629028,168.45128202438354,162.9173765182495
12,67,60.764357566833496,73.00727272033691,77.36722826957703,68.78460741043091,58.36150026321411
49,244,264.26810026168823,294.44916462898254,288.14452028274536,265.7606391906738,218.83344888687134
23,106,101.81052827835083,107.26222705841064,106.80030655860901,116.75493478775024,76.59099197387695
11,55,56.685484886169434,78.91870021820068,73.83569550514221,63.420082092285156,45.22218084335327
23,113,104.89866638183594,118.68397665023804,110.9680917263031,110.39544916152954,92.9742841720581
16,90,81.20976400375366,87.8147394657135,91.42566728591919,76.18393850326538,71.2939772605896
29,151,122.81241798400879,160.66597414016724,149.31069374084473,132.04862356185913,111.63388299942017
19,94,82.04702281951904,97.35882687568665,100.6074059009552,99.57505226135254,73.52451848983765
21,106,88.29352569580078,122.71673393249512,112.66532349586487,96.26040458679199,74.22558879852295
18,88,91.83692741394043,107.1104326248169,106.46630024909973,102.60587358474731,79.06958341598511
17,93,94.82193183898926,104.8152768611908,100.27242922782898,89.63915967941284,68.81809282302856
21,109,81.45395231246948,91.21767210960388,83.16072869300842,77.6639666557312,57.36405038833618
32,161,122.2737922668457,146.183513879776,144.09635710716248,130.98647928237915,112.81271362304688
21,121,94.59418535232544,110.77848434448242,116.64022469520569,97.08779096603394,79.69138956069946
26,126,140.69599103927612,168.6783127784729,169.4209496974945,145.34024095535278,130.70492792129517
37,162,165.76783514022827,173.48787307739258,184.1209318637848,173.53172540664673,143.94099140167236
15,87,73.46091365814209,82.05318331718445,87.45330262184143,74.68071556091309,71.84615468978882
44,243,255.1938362121582,257.93487906455994,272.9258785247803,256.9026436805725,239.332537651062
13,57,39.87970161437988,49.49026584625244,53.24399423599243,42.26904487609863,39.86030960083008
24,123,98.88377380371094,117.78585600852966,121.05908346176147,98.67222833633423,95.70000076293945
20,110,84.76043224334717,100.37915444374084,104.47339010238647,97.23437070846558,72.03778076171875
26,131,142.41470956802368,162.55536890029907,173.19829082489014,141.23844289779663,138.061616897583
25,115,113.94524049758911,133.71928668022156,129.0975730419159,124.67859220504761,94.52372312545776
17,86,66.19147205352783,80.63879919052124,80.1992974281311,70.1982774734497,63.37335157394409
13,68,53.61359691619873,75.51111459732056,67.58782482147217,64.71648073196411,47.52600860595703
41,209,189.53225135803223,202.54857063293457,198.31942105293274,176.22462272644043,163.00354862213135
25,133,105.34880304336548,114.07449460029602,121.36907625198364,109.29130601882935,96.7162070274353
33,163,157.79451656341553,166.6875720024109,167.31806993484497,167.96359634399414,131.74356269836426
35,175,176.1993546485901,168.39996528625488,168.22416806221008,159.15607213974,150.5914077758789
22,114,107.8932089805603,128.95010828971863,119.95644950866699,111.77826595306396,101.39907598495483
23,117,120.60533952713013,130.94799947738647,135.6308090686798,122.93888998031616,103.42222023010254
17,85,64.9515643119812,78.36701822280884,84.55213069915771,83.46004056930542,51.261388301849365
17,94,97.485764503479,120.45800161361694,121.48841333389282,107.96529912948608,75.42094230651855
13,77,70.4325270652771,81.04931497573853,75.06365823745728,79.19738674163818,55.92252206802368
25,143,146.41603231430054,154.73167896270752,133.72155809402466,149.2710576057434,113.11357164382935
28,153,119.83207559585571,131.16550970077515,129.53774428367615,127.14736080169678,102.77180767059326
22,117,103.61050939559937,124.961416721344,123.24411821365356,109.09145498275757,100.66689157485962
13,56,50.24376153945923,65.75287675857544,56.03483319282532,53.939810276031494,45.61306428909302
36,178,227.84559202194214,296.2000436782837,292.64646887779236,278.8135333061218,219.55380249023438
12,57,69.88678216934204,93.44694995880127,84.19505977630615,82.68683433532715,66.93195486068726
40,207,196.10970497131348,216.24211978912354,217.41770696640015,216.51429319381714,190.51926803588867
35,152,157.84381580352783,180.66970801353455,193.35440349578857,179.03300285339355,145.2084445953369
14,73,51.38570833206177,71.51148843765259,67.47176361083984,51.56401205062866,45.7358603477478
38,179,221.3362579345703,268.0508551597595,259.69319200515747,261.64433908462524,186.98881149291992
20,94,49.326435565948486,78.65524816513062,73.84198045730591,67.59469938278198,48.86440658569336
10,58,51.4852614402771,60.817163944244385,71.61388731002808,72.49931192398071,42.13230276107788
13,66,63.12943649291992,84.87672805786133,77.95530366897583,73.85300397872925,47.780638217926025
28,143,163.14225149154663,195.90207743644714,191.62271881103516,191.13336992263794,156.92946529388428
35,206,213.55361604690552,235.38110041618347,241.8223433494568,231.8878083229065,182.55909824371338
35,168,167.60449647903442,182.10064101219177,210.12271785736084,175.26270198822021,167.64876461029053
22,135,108.67140054702759,122.14229106903076,130.61338329315186,110.86244440078735,104.85578441619873
26,134,107.43497800827026,124.19333839416504,117.48536133766174,108.6060791015625,94.83984375
22,101,94.18070030212402,113.61290121078491,116.74525761604309,98.20435380935669,92.1427755355835
21,130,153.69641971588135,165.8290400505066,159.9669213294983,139.7092742919922,143.3229193687439
28,168,160.06534910202026,188.59348106384277,202.69852948188782,185.89524030685425,136.99954509735107
17,84,73.37193536758423,79.71320819854736,86.32780194282532,66.81558275222778,71.86961364746094
30,157,140.79214811325073,168.48651814460754,152.51441860198975,143.5644383430481,131.78357315063477
29,153,131.54087686538696,141.35060572624207,133.20253825187683,125.6931619644165,123.85044813156128
15,70,49.79363822937012,63.05803823471069,67.21618413925171,53.99578332901001,46.00779342651367
34,172,141.63012647628784,155.86587262153625,157.45817708969116,150.18412494659424,121.63247871398926
21,106,108.14413642883301,132.27727890014648,124.1972165107727,104.02368497848511,111.4072904586792
22,116,115.5248532295227,128.6011679172516,117.70629954338074,113.59785079956055,99.16804647445679
22,104,105.5268611907959,120.15446734428406,115.3296971321106,102.63990116119385,102.56177616119385
18,114,89.56813907623291,102.65265655517578,98.8593921661377,94.52068376541138,81.66568231582642
10,72,61.456764221191406,86.95673751831055,68.72413659095764,76.86075162887573,68.23467826843262
13,70,52.000439167022705,63.57050371170044,60.49275088310242,56.678874492645264,45.72455024719238
34,174,148.96825456619263,161.00479865074158,165.27276372909546,161.97626876831055,127.42580938339233
27,145,144.71027851104736,164.6469268798828,158.53588247299194,163.96828746795654,113.4553370475769
13,55,50.54505109786987,66.58419823646545,56.79316234588623,50.526591777801514,54.926318645477295
19,84,74.49628973007202,74.67436981201172,82.08381175994873,82.576416015625,61.51822519302368
20,92,71.85629510879517,89.81289672851562,86.98019766807556,78.01941013336182,53.74653434753418
29,149,139.59959602355957,165.8391773700714,157.0470426082611,152.57884693145752,130.30339431762695
20,103,95.37107229232788,121.24536919593811,127.21108102798462,127.04967021942139,88.87137460708618
29,152,127.50421333312988,147.1236162185669,144.21430897712708,134.09861850738525,109.70948123931885
24,113,138.8267798423767,153.49607014656067,153.79084730148315,137.45341968536377,124.51709794998169
17,90,71.85789346694946,89.69130563735962,80.51747369766235,75.5574049949646,66.78712892532349
38,200,192.76471138000488,216.83912539482117,212.41383337974548,189.95595741271973,197.28083896636963
16,84,86.17831134796143,83.15959095954895,81.87292909622192,85.70770454406738,84.37992429733276
16,92,83.35796117782593,111.84808564186096,93.3284239768982,83.59818267822266,97.6151647567749
20,111,89.19112062454224,102.6390118598938,115.607736825943,105.62549543380737,57.659464836120605
22,105,104.38746929168701,98.63662433624268,100.83899068832397,97.26541566848755,84.92484760284424
24,118,95.1930079460144,116.41871404647827,113.37274718284607,94.39215993881226,102.07513999938965
27,131,167.57930374145508,155.08112502098083,156.2543876171112,142.85029125213623,135.80126667022705
26,135,118.36264419555664,128.15149235725403,127.0894558429718,120.427659034729,115.55840873718262
20,114,94.74061059951782,101.43726778030396,98.79250621795654,94.40452289581299,77.72366380691528
42,233,225.47020769119263,240.4551703929901,222.12643146514893,207.80037260055542,194.2730655670166
16,89,98.96444845199585,111.18868899345398,100.1833131313324,106.13064241409302,91.18155097961426
32,169,160.48509120941162,194.1965217590332,187.45191144943237,180.5018219947815,173.18128776550293
18,84,93.60279655456543,96.57009601593018,94.83412337303162,94.89541673660278,68.5485610961914
39,191,175.03084182739258,206.70006918907166,201.9480118751526,174.63582372665405,155.3156123161316
12,62,46.234089374542236,64.63985013961792,61.36203908920288,49.27963924407959,51.44222831726074
19,88,87.0534496307373,101.81896567344666,101.47423386573792,81.88917875289917,80.39265727996826
21,125,118.1210355758667,130.12117433547974,130.84506845474243,110.67114543914795,104.7271728515625
17,95,86.24110794067383,100.15929889678955,91.53965306282043,86.62796592712402,98.12908220291138
13,68,84.9964861869812,93.45743131637573,96.82664823532104,86.1513090133667,76.47773551940918
35,193,181.06924295425415,209.55744886398315,197.33244514465332,189.39742136001587,153.08318042755127
31,152,147.56021881103516,165.42296028137207,158.8047924041748,153.0363326072693,122.15880966186523
10,55,52.87310981750488,63.23144292831421,57.3575804233551,50.000449657440186,57.550686836242676
19,88,58.9380898475647,67.17546892166138,67.58829522132874,58.5269079208374,55.767727851867676
24,125,89.47801542282104,93.0384168624878,96.31715393066406,83.75292158126831,81.75561904907227
17,92,88.30055570602417,109.68035650253296,83.71953463554382,81.94146823883057,60.8716459274292
7,25,27.873735427856445,34.060319900512695,35.537073850631714,33.84819221496582,21.484617710113525
14,65,60.71661567687988,81.6063928604126,73.90919375419617,58.40541934967041,56.35247993469238
25,127,132.54075241088867,164.06926679611206,165.5971999168396,159.21383142471313,109.23151922225952
28,156,157.30285358428955,155.42316913604736,161.4307324886322,135.01742601394653,147.44051361083984
21,88,78.7759165763855,102.76225423812866,102.38356471061707,92.11511325836182,68.2223768234253
25,148,127.50358772277832,148.25309228897095,137.3301191329956,137.01264238357544,112.9236388206482
26,136,134.05171012878418,149.47944378852844,154.29321718215942,147.90284967422485,131.49324369430542
14,63,63.989036560058594,73.00276899337769,58.844303131103516,56.29806041717529,45.897823333740234
31,158,130.85520887374878,149.74447679519653,149.53363513946533,139.27498245239258,133.805570602417
15,75,67.18984603881836,89.59136295318604,91.52036380767822,78.50595474243164,56.39315128326416
16,87,79.92786264419556,106.66881966590881,113.78623151779175,104.93682384490967,56.964519023895264
27,148,140.65366172790527,163.84321117401123,154.0331060886383,149.04449081420898,120.71469449996948
9,43,40.56482410430908,54.076478004455566,53.672961711883545,50.3907265663147,27.873643398284912
19,111,113.4880485534668,169.75872349739075,155.31887459754944,169.44705152511597,110.86174631118774
20,104,117.83670997619629,151.8019449710846,151.22500705718994,156.13627433776855,114.08879375457764
19,91,106.77065801620483,145.52445363998413,142.66832327842712,141.0701446533203,93.36504983901978
25,139,161.2988781929016,190.034592628479,186.1842634677887,204.85278606414795,146.03046131134033
10,49,61.51545476913452,94.70780372619629,93.47944140434265,96.8825011253357,70.69412088394165
15,72,79.56291246414185,100.06759548187256,97.94549942016602,102.66846418380737,74.1773476600647
11,52,56.60300159454346,76.61057424545288,87.16181802749634,72.01803779602051,34.51999759674072
27,146,136.37913274765015,200.47671818733215,168.73795104026794,188.85449171066284,114.94639348983765
28,149,164.92392587661743,175.66694235801697,172.47586345672607,166.24834394454956,158.49540376663208
10,64,51.793092250823975,73.64824438095093,62.414729595184326,54.87284231185913,48.46689462661743
19,89,107.42838048934937,124.11717438697815,145.64606928825378,131.81956338882446,108.7048830986023
16,77,72.59257745742798,98.69259643554688,76.80385327339172,88.6236515045166,61.01150608062744
22,132,162.51377153396606,205.37017154693604,192.7343714237213,221.79809188842773,125.42779493331909
13,63,62.95623779296875,81.37132263183594,94.15002250671387,96.84824323654175,56.67871141433716
24,123,124.18906021118164,126.97755074501038,132.28137111663818,120.08270072937012,107.7232027053833
23,123,151.3174066543579,220.76164627075195,204.68209099769592,206.34139394760132,118.10493516921997
16,92,109.42046165466309,144.0193555355072,150.09770488739014,167.80747938156128,98.41024732589722
8,46,42.41081762313843,72.23356080055237,65.90865516662598,64.02014017105103,48.45907020568848
13,69,89.51304006576538,109.69818687438965,102.35242629051208,95.14718437194824,84.70139360427856
15,82,88.65752077102661,116.46305513381958,125.7476646900177,104.38909482955933,88.30079412460327
18,83,81.45915508270264,93.10878419876099,112.07726716995239,95.64201307296753,73.41627216339111
14,78,65.66092157363892,72.83308482170105,70.53813195228577,68.53971672058105,61.79436111450195
11,46,41.52259063720703,52.68137216567993,52.93065881729126,50.983482837677,38.446266651153564
22,107,107.6376724243164,122.75215291976929,119.52637887001038,112.48819589614868,97.20676803588867
25,132,119.44940948486328,139.9365770816803,132.99910521507263,135.93317794799805,88.4997706413269
19,101,83.90517091751099,77.68158173561096,78.69808983802795,81.22832679748535,74.67361307144165
27,113,136.40261697769165,164.33893084526062,154.71500492095947,145.16180658340454,121.67713356018066
27,143,156.32804918289185,212.32822275161743,194.0522804260254,169.25960874557495,151.76357460021973
11,52,31.29539680480957,48.9101836681366,57.71433639526367,37.67472791671753,30.37477684020996
17,97,91.9873514175415,127.73975014686584,128.10501837730408,132.6136589050293,73.89653158187866
33,184,192.8090205192566,239.45120120048523,229.10779809951782,215.99834823608398,183.85627603530884
26,127,95.71441555023193,112.25788450241089,127.54120230674744,113.71263647079468,75.64377546310425
20,111,117.26579666137695,135.48913049697876,132.02515363693237,130.68382167816162,96.48601722717285
23,103,70.3069920539856,97.18875455856323,98.50453519821167,86.6524920463562,67.89798736572266
5,19,25.334436416625977,35.758097887039185,43.58963203430176,33.10872030258179,16.928354740142822
16,78,58.59367799758911,72.66280603408813,71.71689128875732,63.908798694610596,50.538058280944824
24,133,121.89244031906128,145.23013854026794,143.93188905715942,149.043354511261,105.60108280181885
16,90,86.70314502716064,106.37263917922974,102.97535681724548,101.30130624771118,69.8488917350769
31,132,168.52803087234497,197.44609713554382,191.085551738739,176.14865255355835,170.5236496925354
21,118,102.94088363647461,110.19252371788025,108.85861015319824,109.91794300079346,84.70727777481079
28,124,137.94692850112915,141.09927225112915,141.01608729362488,137.59703731536865,102.79179430007935
26,130,131.7680401802063,132.3966829776764,133.4852738380432,118.32841300964355,117.976637840271
13,55,61.525402545928955,89.29921746253967,88.92128133773804,85.93072557449341,69.31673240661621
30,146,183.8973183631897,241.36020636558533,230.25018405914307,231.76446628570557,172.10482597351074
17,84,87.60593700408936,117.33252048492432,109.27162861824036,90.20618104934692,75.28345346450806
16,78,54.645155906677246,66.35309767723083,79.57477021217346,80.3278260231018,42.92044258117676
29,166,113.87466096878052,138.71611952781677,157.95066690444946,138.95230627059937,86.81215190887451
22,117,112.75916481018066,127.45047402381897,130.01863312721252,124.6891303062439,96.73157167434692
21,108,120.70417261123657,158.54033207893372,142.70115637779236,136.53981018066406,101.02513599395752
16,107,85.08263349533081,125.50740003585815,111.89139819145203,103.50437879562378,108.13923788070679
30,170,175.7416205406189,211.1008276939392,194.8620388507843,203.1118016242981,155.85216856002808
17,91,84.57616424560547,82.78273439407349,83.78589677810669,83.30903911590576,75.16264486312866
16,87,60.72958183288574,84.22213673591614,91.9418249130249,73.42605924606323,45.211917877197266
33,194,171.79282474517822,186.51513195037842,195.60107517242432,174.7123565673828,122.69249296188354
20,121,94.49834299087524,125.18051886558533,121.37788510322571,106.99795007705688,95.27623128890991
24,121,137.58081245422363,168.8109474182129,170.75786066055298,160.55670070648193,121.21251010894775
24,131,131.89869165420532,145.97762155532837,153.95990800857544,154.5573925971985,97.04726076126099
19,102,124.91647243499756,175.49920845031738,163.45742845535278,178.77183198928833,99.57059526443481
26,153,172.20874214172363,213.9246826171875,214.08742952346802,222.9640655517578,153.33705282211304
32,174,194.72554397583008,223.86405491828918,226.27909564971924,195.2117838859558,180.99917936325073
12,61,78.60013580322266,131.14250993728638,139.0357792377472,126.41254425048828,58.05671834945679
17,102,81.5950493812561,114.94241333007812,99.92029404640198,83.51269817352295,68.49993896484375
23,137,125.2187089920044,156.59073066711426,160.07605457305908,159.0324845314026,114.24582433700562
16,75,77.51497316360474,87.8519036769867,90.29183983802795,90.2106385231018,69.8478946685791
14,76,61.67436933517456,77.86300873756409,77.16464376449585,58.06367492675781,56.15651845932007
26,139,151.97569751739502,214.38983988761902,206.44922065734863,227.9500436782837,119.51157903671265
15,79,59.39941644668579,72.94506001472473,85.82209920883179,89.69093084335327,54.28687381744385
13,69,59.79450702667236,73.14185428619385,75.87822556495667,72.5683331489563,50.978379249572754
19,115,103.24929666519165,125.217294216156,114.12025666236877,110.57572174072266,80.57586240768433
31,185,154.3541498184204,188.55292558670044,188.20094275474548,169.47290515899658,140.29035425186157
13,72,69.82784366607666,88.42056679725647,84.45044803619385,84.69476556777954,52.13407039642334
19,85,84.56225442886353,90.79655694961548,89.01445293426514,80.81154251098633,77.97923469543457
35,206,210.00532865524292,232.28433513641357,225.24831914901733,231.66819953918457,156.00213289260864
28,156,128.77586364746094,149.00061082839966,161.60909032821655,175.3538293838501,119.13337802886963
16,99,84.74485778808594,95.04633522033691,99.5820460319519,86.68484306335449,62.58935070037842
22,129,98.29937887191772,113.69036388397217,133.96627044677734,128.4090609550476,82.61271381378174
18,96,83.14622068405151,112.25989389419556,117.65612840652466,126.29243850708008,87.35921669006348
25,143,143.6898627281189,230.45664405822754,240.92290687561035,222.1632924079895,127.89024877548218
13,73,63.017508029937744,113.49926519393921,106.0625491142273,122.90664005279541,50.507643699645996
25,125,117.18776178359985,113.30142998695374,113.76254558563232,118.94634437561035,69.24893808364868
27,142,139.72012853622437,174.75341129302979,169.2755434513092,161.45141506195068,140.71170234680176
19,104,106.1151762008667,133.21805429458618,116.35483455657959,110.84078550338745,86.82978200912476
33,166,165.57138442993164,184.37221384048462,170.89630675315857,160.7302622795105,133.98183727264404
35,167,179.7818899154663,189.62184071540833,184.7142825126648,186.00133752822876,147.96868324279785
29,151,145.54743432998657,149.95589590072632,150.53046560287476,148.6817660331726,123.61787605285645
21,98,102.99385356903076,113.00127530097961,105.57062458992004,92.96531581878662,94.1294641494751
18,97,78.90958595275879,98.17495107650757,109.34188866615295,98.23329877853394,80.11158752441406
16,86,84.39354848861694,105.43693566322327,92.97955822944641,90.48824071884155,78.00017261505127
11,57,66.58402919769287,89.36346769332886,93.08495140075684,71.41952276229858,73.94182634353638
11,66,51.87628364562988,64.08552861213684,63.061224699020386,57.77993106842041,40.25711631774902
42,240,212.83970642089844,254.81235361099243,263.1629912853241,247.20236492156982,196.45982694625854
40,224,218.47338676452637,267.3663504123688,265.2794690132141,262.22895908355713,235.45924186706543
25,132,119.63037919998169,148.36957168579102,142.8335099220276,146.2660093307495,114.34446811676025
16,95,64.91824436187744,70.82530403137207,77.52245903015137,74.97085809707642,47.04730987548828
27,166,126.00599384307861,149.98919677734375,154.61686515808105,136.34289932250977,111.04542112350464
13,66,56.62177848815918,62.92703104019165,83.16801118850708,62.51938199996948,43.1616473197937
28,141,147.17412185668945,156.8211431503296,145.72596955299377,134.3189206123352,137.31081199645996
18,89,74.28876495361328,86.55171728134155,98.1396689414978,79.87504529953003,60.99666500091553
42,234,198.83582544326782,230.1826229095459,249.9533336162567,243.41902351379395,174.37814474105835
16,90,69.06494283676147,79.78647327423096,73.6799201965332,65.15762567520142,65.9729118347168
28,140,140.2709379196167,157.62856435775757,148.8132402896881,144.54703617095947,103.71230745315552
13,58,50.960684299468994,63.294918060302734,56.725903034210205,46.79718255996704,48.00281095504761
19,92,79.03653573989868,94.30383801460266,85.96009850502014,89.31612157821655,66.0128493309021
33,175,159.08796072006226,172.48564839363098,156.7168390750885,146.23538875579834,131.40472555160522
23,126,119.8645601272583,122.4703094959259,118.23551058769226,117.42288255691528,101.84403419494629
26,120,121.86326360702515,119.91758799552917,115.83563494682312,108.9687442779541,98.73746490478516
24,125,127.30295181274414,155.34645175933838,125.37267112731934,118.80704927444458,83.13829565048218
39,212,219.9835386276245,251.0670566558838,236.96200919151306,214.6476640701294,161.78875494003296
22,121,181.2056269645691,233.89132165908813,229.0775318145752,222.22685289382935,113.7341537475586
23,118,124.61662483215332,143.2268295288086,153.74046778678894,132.38401460647583,109.5739016532898
13,73,74.04803323745728,101.78347539901733,108.7133846282959,112.74016523361206,74.93422269821167
20,109,130.73305654525757,158.73461961746216,169.79552721977234,168.75409841537476,125.05557680130005
21,113,102.88219547271729,143.2535846233368,145.06055974960327,141.05969667434692,118.53821277618408
17,91,88.59448003768921,88.04055595397949,92.27764964103699,93.71019315719604,74.63950443267822
33,176,168.492693901062,181.30653643608093,190.72528076171875,187.1464228630066,157.83944129943848
29,132,163.54836320877075,194.2696647644043,188.8487148284912,172.11577701568604,152.6786298751831
28,137,144.48593282699585,159.06726217269897,164.48892450332642,165.50069046020508,139.53111457824707
18,88,81.35648345947266,84.85473155975342,92.69378423690796,93.03559970855713,74.57825136184692
32,174,151.2491979598999,185.61098742485046,188.1494641304016,220.93476819992065,132.0087170600891
22,91,93.62695837020874,117.3563461303711,119.03857636451721,109.9084243774414,77.06619167327881
23,112,129.1857500076294,158.69829893112183,143.3471221923828,121.77196264266968,96.71253728866577
18,98,64.10136365890503,68.02359867095947,63.54544377326965,63.834168434143066,50.46951627731323
17,113,118.75432634353638,155.63366556167603,144.38495635986328,137.21594095230103,110.44637203216553
12,60,48.42370796203613,61.24345636367798,54.38280892372131,53.81153678894043,41.51707410812378
35,176,171.36809921264648,183.78297209739685,183.0188193321228,177.7849235534668,139.93033123016357
18,93,110.88041496276855,124.3489248752594,105.44824409484863,101.09079790115356,84.19656991958618
25,135,119.5577392578125,161.53244757652283,146.40275526046753,141.07472944259644,115.54523706436157
30,159,156.19592475891113,175.4422414302826,172.6206967830658,161.84397888183594,116.16832113265991
13,79,82.1971116065979,103.80847549438477,100.73072123527527,91.80909442901611,68.23833990097046
13,75,97.33919620513916,122.17672204971313,123.36645197868347,113.5579514503479,74.2168779373169
13,73,93.72420930862427,119.58175992965698,125.00123167037964,115.25403642654419,73.35280990600586
17,78,62.96924066543579,83.37437605857849,90.21393060684204,79.72885131835938,57.52307367324829
30,163,177.8774938583374,240.462340593338,232.15301060676575,231.1884160041809,175.19472360610962
23,117,144.38088035583496,154.20455360412598,162.6384038925171,163.25229120254517,118.60232543945312
15,84,87.88146734237671,99.33278036117554,96.24426913261414,97.0441198348999,74.87986755371094
26,139,158.13307523727417,183.5970814228058,195.0479142665863,181.30706405639648,129.98644256591797
16,69,81.37982606887817,89.54238057136536,106.37484860420227,94.33991003036499,81.41512727737427
32,158,162.8255672454834,177.2353813648224,184.09606671333313,198.36827039718628,123.82232570648193
27,153,151.79192733764648,154.1352093219757,151.22089982032776,145.49004554748535,112.06268644332886
35,174,152.64737701416016,168.25410413742065,156.40982484817505,154.4887819290161,157.65565824508667
18,101,110.81584405899048,146.74374771118164,141.5518548488617,120.36349725723267,92.66957950592041
13,69,61.23179292678833,75.55334043502808,82.73753690719604,64.11273908615112,49.293673515319824
31,154,175.13724279403687,203.58014178276062,200.4892177581787,196.0273118019104,155.8056812286377
26,121,77.4097900390625,107.80191993713379,117.57771944999695,103.7576732635498,71.87959671020508
30,149,157.8412823677063,178.2631275653839,183.85911989212036,161.11549186706543,113.76889705657959
12,63,44.970947265625,49.780210733413696,55.941044092178345,41.070645332336426,32.458394050598145
24,126,139.8472456932068,146.8980040550232,128.69167113304138,138.2984504699707,107.16209840774536
23,122,131.22548151016235,141.4141731262207,124.85452032089233,121.93899917602539,115.74635314941406
9,47,44.56025743484497,63.38319110870361,60.979891777038574,42.02215766906738,49.2144513130188
21,107,95.62824869155884,125.55712366104126,135.6590793132782,128.7070770263672,103.60318565368652
26,117,124.82430648803711,139.31504344940186,130.6686396598816,134.03466796875,104.8242826461792
22,114,114.62180709838867,133.48949599266052,136.23516035079956,118.72023248672485,97.27453947067261
19,87,80.3398380279541,124.95635271072388,110.32854199409485,111.89910078048706,76.42415046691895
41,205,231.80836009979248,258.14226770401,256.96831727027893,250.74451875686646,178.14523792266846
38,185,201.07090854644775,222.28909397125244,221.03166818618774,206.0615997314453,168.28075504302979
30,157,178.3682370185852,207.13056993484497,194.94414353370667,176.44712686538696,150.50048208236694
28,146,135.22260570526123,148.75679659843445,137.95354771614075,134.5957374572754,107.12715864181519
23,118,103.72629833221436,121.11009740829468,107.09790921211243,101.56895112991333,82.83245086669922
11,60,56.24165153503418,55.71465301513672,57.15154218673706,52.540098667144775,49.65804576873779
14,68,32.835880279541016,50.9334352016449,59.26376676559448,41.6344428062439,33.68465995788574
21,102,97.59900236129761,101.97330141067505,102.39055109024048,94.8779125213623,78.45412158966064
39,238,204.65949487686157,246.40993475914001,238.35378646850586,222.80242538452148,176.43739938735962
12,58,52.181602001190186,78.53844666481018,75.99612951278687,60.49938917160034,53.508493423461914
23,121,123.01988458633423,114.3829665184021,114.96973609924316,115.9632339477539,115.6708083152771
25,124,114.21162509918213,135.9156060218811,139.7748363018036,125.10266494750977,105.62430906295776
29,149,154.1375241279602,158.24660730361938,140.045307636261,142.461576461792,118.20855522155762
25,142,130.93940448760986,180.8285493850708,187.49808192253113,195.3869171142578,131.6032590866089
26,120,146.030903339386,160.18023133277893,138.78808975219727,145.758722782135,114.34523105621338
28,145,130.74858570098877,141.68063497543335,139.49451804161072,133.39032459259033,114.15490627288818
10,44,40.34898233413696,39.95875835418701,39.01861023902893,36.89737415313721,29.69028902053833
28,148,117.48965406417847,164.86944127082825,138.89374661445618,139.4117202758789,84.02059602737427
23,128,115.8382797241211,126.06153225898743,138.95726871490479,111.39838123321533,105.91351795196533
35,183,188.06648111343384,220.32746171951294,196.23792552947998,191.44447660446167,161.4343457221985
18,93,81.53995609283447,103.08747744560242,91.3781487941742,85.54831457138062,60.99888038635254
25,125,108.74764680862427,110.95462083816528,107.66293239593506,103.87604284286499,98.83008480072021
27,136,122.63077592849731,149.94508719444275,139.08008408546448,128.95274877548218,129.52972412109375
17,86,95.29554176330566,112.83050465583801,101.72661805152893,91.30524253845215,88.52926635742188
23,119,142.39532089233398,168.80253076553345,145.7909755706787,132.2875690460205,138.37123441696167
13,63,49.9681077003479,68.53645610809326,64.83134341239929,50.82690238952637,46.91915512084961
32,185,174.16960525512695,223.29333901405334,215.8001353740692,220.6350221633911,184.28473329544067
32,147,157.17596340179443,172.93839406967163,178.94126152992249,159.16361665725708,134.7849416732788
18,102,108.28277111053467,132.1558747291565,127.23409223556519,131.9374713897705,120.3688611984253
18,100,82.81562089920044,98.86522817611694,102.98433446884155,82.36916303634644,81.60218048095703
20,108,121.78627872467041,127.24700093269348,119.82769250869751,110.30158805847168,92.55782270431519
17,90,105.86216926574707,116.323082447052,104.35979533195496,102.81855487823486,96.36347723007202
26,150,150.96188926696777,166.07182455062866,152.71235156059265,143.50863599777222,151.88066864013672
15,75,63.98625659942627,72.59254717826843,68.35995435714722,63.2865252494812,55.6056547164917
11,68,56.21593475341797,84.29884910583496,72.86401796340942,67.22583246231079,53.549452781677246
13,78,77.78296852111816,102.38226079940796,93.95747327804565,81.77530097961426,80.04423189163208
13,55,34.74991798400879,51.672475814819336,57.907318353652954,39.71079158782959,30.86977243423462
33,183,187.76575756072998,194.31401205062866,179.1899950504303,189.3797116279602,175.32381439208984
39,199,207.54051399230957,212.06542086601257,191.73781967163086,178.89548015594482,174.54516410827637
9,45,55.591614723205566,77.3331446647644,76.02583527565002,63.63300180435181,63.73968315124512
16,97,84.43604040145874,99.00887656211853,104.6872022151947,93.51186752319336,81.67855215072632
42,248,190.0744309425354,239.30521035194397,233.34657740592957,211.05339813232422,177.97655248641968
36,192,174.93086671829224,197.593430519104,205.20393991470337,196.8719139099121,178.28816413879395
18,106,80.35245180130005,91.2980728149414,89.5425615310669,89.62341499328613,70.92295169830322
25,144,135.12955474853516,151.51526522636414,137.60506010055542,137.65216779708862,130.09478664398193
11,53,49.99677515029907,59.34995460510254,63.15185046195984,54.30808687210083,46.621662616729736
36,196,161.91186666488647,178.77132654190063,165.95161843299866,163.41487550735474,148.64514589309692
22,112,88.18987941741943,94.75439214706421,98.0987000465393,96.88746500015259,90.50687170028687
26,148,161.0035424232483,202.7159960269928,190.10158920288086,206.33747911453247,147.75113487243652
15,79,75.19468784332275,71.0042028427124,75.65369200706482,68.12547063827515,52.24505043029785
13,64,66.69195508956909,61.23956298828125,59.85798501968384,53.04303455352783,50.72008514404297
24,150,130.248929977417,156.91714572906494,167.27073907852173,147.33372497558594,136.43390560150146
18,90,91.9871506690979,102.51398706436157,93.94730758666992,85.54779815673828,69.76448678970337
29,154,136.46698570251465,149.84343099594116,141.091295003891,143.2607455253601,108.42171001434326
19,99,100.46734046936035,127.25673460960388,104.45378541946411,98.47179126739502,109.99609994888306
11,58,43.3196382522583,55.191864013671875,55.39329981803894,42.666417598724365,39.567503929138184
34,166,163.72819137573242,208.52734541893005,183.31715297698975,209.23448514938354,152.34517097473145
24,134,125.0491714477539,161.2410912513733,141.48953652381897,130.48017263412476,127.18944454193115
10,53,42.19181537628174,46.56891393661499,52.01639246940613,41.64688730239868,35.36107540130615
22,101,100.3919825553894,118.37211537361145,104.80797338485718,96.38868713378906,92.10398721694946
18,93,81.9386887550354,89.88854551315308,95.26775884628296,85.40326118469238,71.65265893936157
17,95,88.3296594619751,104.0906023979187,98.9046938419342,87.25471067428589,76.42090606689453
38,232,187.47941493988037,204.45182704925537,200.72336173057556,188.67285013198853,160.3767867088318
17,110,90.36151027679443,93.56212282180786,89.20223951339722,106.13666200637817,85.48362636566162
23,126,124.86597967147827,148.1534068584442,129.7971863746643,117.74389600753784,120.71387815475464
17,80,63.229581356048584,74.70886301994324,74.34355354309082,75.1095232963562,68.01355314254761
34,198,217.96504592895508,256.3827564716339,225.77918434143066,236.38582849502563,172.17288875579834
15,80,78.39422941207886,107.99578142166138,121.50342273712158,107.23266458511353,71.166983127594
40,220,184.3600845336914,219.59100341796875,226.2443675994873,218.93566226959229,162.07245254516602
25,141,128.3208522796631,150.3813819885254,141.74779772758484,139.21262788772583,129.2357029914856
28,152,153.833740234375,173.05256366729736,157.18485617637634,159.55631160736084,139.53256464004517
30,154,154.57733726501465,167.86719608306885,160.41033577919006,148.64044094085693,116.66092681884766
25,137,133.1471872329712,120.53531742095947,125.72638201713562,125.51656866073608,111.38181495666504
20,120,103.64798831939697,109.94136357307434,106.61112904548645,101.70925045013428,93.16051435470581
30,157,161.89951181411743,186.39113569259644,181.79893732070923,160.5917353630066,149.94640016555786
19,99,81.36140012741089,89.418785572052,95.30225348472595,76.7742977142334,67.96070861816406
22,109,115.44082260131836,123.91321134567261,113.39376854896545,136.90144062042236,106.14877319335938
25,108,121.37186479568481,126.82873845100403,107.43000793457031,111.56544589996338,96.0423493385315
20,104,101.03363752365112,130.64949464797974,120.45520377159119,105.79396104812622,82.45278406143188
19,124,99.6949577331543,125.10659170150757,116.00365400314331,105.4874176979065,106.3597469329834
12,62,48.93926763534546,55.454665422439575,71.540531873703,81.49016809463501,49.32773208618164
30,137,148.1241273880005,165.88209700584412,165.06353378295898,175.99528455734253,141.68900299072266
35,169,174.85031032562256,162.68988847732544,171.75906538963318,183.2042179107666,146.51428127288818
33,164,171.09269332885742,189.4500494003296,182.6177694797516,181.40098190307617,144.98949718475342
20,104,87.13646221160889,107.5275068283081,104.2690839767456,90.07098770141602,69.760507106781
25,124,140.82616996765137,187.0116195678711,196.58173966407776,187.96088647842407,117.75005197525024
19,95,77.91498327255249,82.7197699546814,78.60182905197144,74.17580318450928,70.79984426498413
24,120,119.32511377334595,152.10442399978638,150.74312233924866,130.42425155639648,101.58003091812134
30,158,126.72769689559937,135.46158027648926,151.30045247077942,127.88556718826294,123.46300315856934
15,79,50.03158664703369,65.45270347595215,57.88119983673096,51.55264377593994,48.11595630645752
33,159,113.60000705718994,130.0091369152069,133.11082196235657,130.12111282348633,111.17213869094849
19,107,85.57141447067261,99.24322152137756,91.05021071434021,95.76318788528442,89.84524583816528
25,113,101.01189184188843,119.35830402374268,119.74101448059082,95.95535659790039,94.91156911849976
52,259,242.43679761886597,253.8504626750946,247.86493825912476,246.10166311264038,268.08935546875
42,239,197.89135074615479,226.98213171958923,212.89807891845703,213.63809442520142,186.27292442321777
28,140,123.97873830795288,143.99236345291138,126.55588698387146,125.97477340698242,130.20992183685303
33,187,136.06071615219116,141.2009129524231,135.5884976387024,140.44967365264893,113.90743017196655
17,98,74.47599220275879,76.35209608078003,80.79022812843323,76.08382368087769,74.7179307937622
13,78,54.47735261917114,63.0795214176178,60.25730085372925,59.66957473754883,62.957740783691406
12,59,36.775264263153076,57.22878050804138,54.97507572174072,47.24474048614502,42.43619108200073
22,119,77.77863502502441,95.26010465621948,86.95644855499268,80.59665870666504,70.33282518386841
22,124,103.0949158668518,124.2596697807312,118.31337547302246,106.51902914047241,102.4363899230957
19,109,91.47166395187378,113.48830008506775,108.88934016227722,106.70802211761475,98.72867393493652
41,209,188.13406324386597,238.16040182113647,232.5961811542511,211.54510927200317,179.71153259277344
21,122,116.69265127182007,132.15283393859863,128.60878324508667,110.13927268981934,109.48031330108643
38,200,173.53334951400757,190.03756475448608,192.49830651283264,177.0703411102295,165.5302963256836
38,193,147.95636987686157,175.6823205947876,154.9277319908142,153.65595483779907,144.25652503967285
27,129,134.43536281585693,139.94437313079834,122.98248243331909,137.86803531646729,105.80600500106812
30,156,132.3567237854004,164.67306327819824,160.02269530296326,141.6340184211731,133.9387445449829
28,151,172.83861207962036,180.5765359401703,174.41289377212524,184.27203226089478,109.82769441604614
21,117,139.38774585723877,152.50812101364136,149.86615562438965,158.1642141342163,107.58716201782227
37,211,201.75666046142578,250.44988131523132,245.27575993537903,258.98279762268066,172.93408393859863
21,120,96.30563068389893,111.4913809299469,111.25074315071106,102.51930904388428,89.49806880950928
35,159,158.37873792648315,193.46333980560303,198.59548354148865,203.33626174926758,113.6747374534607
19,87,101.41552066802979,110.99743270874023,109.66995882987976,97.662513256073,83.23416423797607
23,105,95.12420177459717,122.76368403434753,132.15333700180054,129.13546562194824,68.69438076019287
23,109,102.33337688446045,120.72290635108948,124.33375668525696,115.97418355941772,84.21997785568237
24,124,123.14129829406738,130.44161081314087,137.93058371543884,128.51433801651,91.1940484046936
18,101,125.92933511734009,190.049663066864,170.57600617408752,153.77414178848267,110.74224376678467
27,136,140.1613574028015,166.14945268630981,176.17928838729858,166.24481678009033,104.61390161514282
23,133,112.70154333114624,135.01862812042236,161.68475008010864,131.86344146728516,98.43539905548096
23,130,135.7000856399536,176.61814379692078,186.09769344329834,176.59034490585327,128.57437324523926
15,87,76.32657194137573,106.88346004486084,97.7690999507904,101.4452919960022,72.83722448348999
27,146,171.91445541381836,206.16198015213013,208.48741388320923,203.80076551437378,140.59752225875854
26,125,139.80164575576782,168.3139934539795,178.68612504005432,169.73087167739868,109.05310916900635
25,126,132.00646352767944,173.77020454406738,198.24000787734985,165.2805552482605,106.23165702819824
26,145,153.3508758544922,190.50140047073364,175.782212972641,170.93046808242798,134.85098934173584
15,88,92.37388372421265,101.17797517776489,99.0377049446106,95.35524702072144,71.23273468017578
33,180,183.8557357788086,191.52822017669678,191.06432700157166,204.73505926132202,166.02222299575806
33,189,116.10378742218018,146.24073815345764,149.55306458473206,122.33136796951294,105.55146980285645
24,139,135.8510856628418,170.29615259170532,169.27176642417908,157.78689050674438,104.28637504577637
26,130,124.96932315826416,148.50093364715576,136.9197120666504,135.6682834625244,122.8771538734436
12,65,75.4317979812622,106.53406405448914,100.45929479598999,111.19958448410034,53.55315160751343
32,164,160.4221897125244,224.03067660331726,245.44977021217346,205.8848376274109,129.9149947166443
26,148,148.37616109848022,211.99790835380554,215.85138463974,185.36568975448608,132.6170573234558
14,59,65.60910081863403,109.55054974555969,104.75863838195801,81.59708213806152,49.819292068481445
38,236,215.93622207641602,299.99369740486145,286.45722246170044,270.63799953460693,204.04016590118408
29,149,113.58593559265137,141.0267641544342,159.8572235107422,132.61766815185547,98.18697547912598
10,53,54.6802134513855,84.34738111495972,63.643943071365356,51.14256572723389,60.12231254577637
35,185,146.4756441116333,197.45068764686584,192.68200850486755,164.45973110198975,140.22753477096558
12,70,66.32855558395386,72.62865543365479,78.35958456993103,72.90239143371582,54.890395164489746
22,109,84.3039813041687,115.5030267238617,129.2114553451538,116.45256662368774,52.64050245285034
19,108,91.48988723754883,107.50016713142395,106.46071195602417,110.53182125091553,83.86275863647461
33,156,145.68690872192383,174.31471252441406,183.53655290603638,160.15121841430664,124.1954460144043
39,213,165.482759475708,198.25385904312134,214.72304725646973,185.5890245437622,158.54127979278564
49,243,216.4036226272583,255.41634893417358,257.668967962265,243.56701946258545,180.07068300247192
42,212,176.55923557281494,230.65802383422852,233.7796995639801,216.9060297012329,135.5720510482788
23,133,151.21825408935547,194.13627767562866,177.89959597587585,162.4046335220337,128.57874727249146
22,129,135.91893482208252,191.692622423172,168.86983060836792,189.42072439193726,106.83795070648193
8,44,52.63684844970703,84.51462078094482,86.96952223777771,81.81964921951294,46.89236354827881
17,90,98.32816505432129,107.84953713417053,105.42946243286133,97.72132921218872,66.50570631027222
20,102,61.05285596847534,92.60065841674805,110.65761876106262,83.80419492721558,50.02969408035278
22,116,111.25277900695801,138.8253128528595,140.7380175590515,139.6758861541748,93.19546842575073
28,130,166.63275241851807,199.07014203071594,208.05679416656494,207.66126441955566,161.42830753326416
43,251,262.46467447280884,292.45487213134766,356.5841007232666,293.7552227973938,164.98374223709106
24,120,121.52240562438965,132.1950888633728,139.9289824962616,115.6686658859253,104.59660816192627
9,46,36.16037178039551,66.0169997215271,61.30557727813721,55.46220064163208,25.866639614105225
19,94,77.03665351867676,105.28891801834106,113.43239235877991,107.11120462417603,68.2756724357605
27,144,128.76918029785156,165.80500984191895,181.25212335586548,166.30457019805908,121.1972107887268
33,171,141.54530429840088,161.13438391685486,159.34607315063477,147.39337921142578,127.94237756729126
46,266,251.96655797958374,305.1685223579407,307.4871919155121,286.8783187866211,200.7506399154663
24,154,156.8810224533081,203.66886401176453,211.87982296943665,192.6419916152954,121.22857141494751
25,125,125.92927551269531,168.99188947677612,165.9336097240448,147.32940006256104,101.28232192993164
47,254,219.13498306274414,275.2303216457367,313.1967861652374,267.3713364601135,163.8089952468872
17,97,92.07340478897095,125.63068389892578,142.46483707427979,123.71698188781738,54.09365272521973
21,107,144.7646050453186,197.1266520023346,196.0312144756317,203.6807165145874,123.83833837509155
21,127,116.94729852676392,147.19066762924194,160.90639328956604,128.99224042892456,97.71463060379028
20,102,110.38305616378784,157.9531877040863,166.14754819869995,164.9361448287964,79.52229118347168
33,168,197.92987871170044,236.99525380134583,257.30848932266235,243.2079758644104,168.48217678070068
31,150,161.5020980834961,192.84337949752808,211.7713978290558,174.06970691680908,133.4178147315979
15,72,54.896018505096436,83.64282131195068,90.5077543258667,71.58494806289673,51.63504981994629
31,203,194.57171726226807,266.6353862285614,275.063095331192,241.61419200897217,170.46106719970703
47,259,240.23243713378906,281.2656686306,287.0533752441406,256.2067542076111,212.21390056610107
17,86,114.83573055267334,215.33415460586548,207.7259521484375,194.26779174804688,97.42758131027222
21,101,119.49410057067871,140.5170078277588,147.46303272247314,124.83148956298828,112.8894362449646
22,112,134.28592777252197,165.8935284614563,187.77178168296814,161.84463834762573,119.60148334503174
25,129,142.8812255859375,163.4832408428192,153.5144908428192,141.79676389694214,103.32184886932373
25,138,136.79535913467407,189.17206859588623,185.03844714164734,168.08253049850464,141.01916885375977
14,57,68.54498052597046,84.92664885520935,89.32235527038574,82.82245302200317,68.06309509277344
45,272,268.6748847961426,376.9231741428375,373.45224690437317,319.67270517349243,260.82715368270874
15,85,83.16952133178711,105.67701005935669,103.7806990146637,88.09185600280762,82.01376056671143
17,97,96.80613327026367,132.60901594161987,122.05886006355286,108.244637966156,86.15636825561523
18,93,81.17028141021729,112.85041666030884,92.39709568023682,85.56680583953857,70.29613876342773
25,142,146.05699968338013,147.39074516296387,141.09478998184204,133.98235750198364,124.0552806854248
20,110,99.2917628288269,125.30351114273071,104.81466603279114,107.70065021514893,80.33299922943115
18,92,89.51779794692993,98.92713022232056,95.49845695495605,88.3024411201477,66.81331825256348
43,253,257.33798027038574,347.1337676048279,356.2747678756714,350.1163191795349,205.83820819854736
25,128,145.600106716156,194.04058742523193,192.03186416625977,202.86567211151123,130.03827285766602
27,155,188.5924038887024,238.99188470840454,231.36620450019836,216.5438003540039,185.46149110794067
24,138,151.74994611740112,171.84662461280823,185.26850652694702,163.67476224899292,125.51301383972168
15,88,83.61624908447266,122.61788415908813,115.89908003807068,112.95459508895874,70.69933843612671
31,168,190.34879350662231,242.5791895389557,252.86503148078918,239.53501510620117,134.4540252685547
32,177,206.02447175979614,222.79422640800476,226.91156125068665,217.39930248260498,156.22594356536865
14,64,78.58763456344604,117.37244319915771,118.00163269042969,101.13039684295654,56.021727561950684
16,78,85.40922975540161,130.73350286483765,122.26309204101562,109.7271237373352,101.94162178039551
18,94,100.83161497116089,128.12439060211182,121.52892923355103,119.16524982452393,82.21455764770508
20,94,114.16856575012207,146.42495965957642,131.7654585838318,117.68538236618042,96.33937644958496
18,99,104.11549615859985,128.5905590057373,134.00095987319946,117.54765033721924,99.06081676483154
25,131,143.4722933769226,168.034907579422,174.85215020179749,157.05242681503296,117.43796825408936
16,96,78.17523670196533,90.25995445251465,83.92328238487244,82.47427034378052,56.543081283569336
11,49,36.48841381072998,54.84799909591675,51.40933084487915,39.4765682220459,36.052645683288574
20,97,96.63621664047241,120.33154106140137,121.54328083992004,108.80862283706665,88.85262298583984
28,158,155.21344900131226,183.89937138557434,189.36379480361938,167.86056852340698,148.47247409820557
30,149,104.94653797149658,127.87623953819275,120.41437935829163,115.6909909248352,99.88328695297241
17,94,114.5666012763977,132.7260618209839,146.78405046463013,126.83535289764404,86.79396677017212
45,219,216.234694480896,261.3125958442688,255.84340739250183,228.2763614654541,201.60510444641113
28,130,179.1022253036499,207.61606407165527,220.200119972229,212.72541284561157,149.27086925506592
39,185,205.57728672027588,225.1646978855133,206.655699968338,201.54944372177124,163.54233407974243
27,167,138.41552829742432,218.5741903781891,228.7178294658661,232.57339000701904,82.19310760498047
44,253,243.39205074310303,320.7994089126587,280.86338090896606,273.3476791381836,205.34990119934082
22,131,125.42027711868286,155.237708568573,153.85035014152527,165.36991024017334,95.30802154541016
27,129,128.80965852737427,141.39921832084656,159.44397521018982,139.1567120552063,108.02049827575684
17,80,71.48328876495361,96.11566877365112,99.44003033638,85.78413152694702,53.246026039123535
22,120,121.21636629104614,133.16880416870117,134.52622890472412,129.59297943115234,110.65565967559814
19,114,144.73302507400513,184.53896045684814,189.58722734451294,189.7463240623474,110.92871570587158
46,249,280.26553297042847,380.00941228866577,377.37637090682983,367.0583071708679,287.1416211128235
49,247,258.59824895858765,320.4774422645569,288.47585225105286,294.8325762748718,225.00751638412476
32,137,165.07679986953735,178.1787028312683,197.9347608089447,168.10388708114624,146.0590000152588
12,45,47.739930152893066,69.89466500282288,71.41499400138855,63.84301424026489,52.83908653259277
20,108,108.68844223022461,111.35221695899963,122.6073260307312,111.43524646759033,92.04341077804565
16,99,98.89729404449463,103.66724920272827,105.98172235488892,100.20389556884766,62.57401466369629
23,121,152.59293031692505,178.506694316864,174.56422114372253,169.53217887878418,115.05927276611328
18,100,103.60915184020996,138.24785947799683,136.3345983028412,128.90094423294067,81.5867428779602
29,160,214.66128206253052,298.5146222114563,286.8656349182129,292.36016178131104,164.61124563217163
36,177,186.14207220077515,248.57765793800354,219.09838104248047,193.11756896972656,162.11818599700928
16,92,96.13730764389038,102.50989484786987,95.89914536476135,105.84301280975342,51.775115966796875
23,112,77.02260541915894,85.87980937957764,107.01626300811768,93.80715799331665,71.04564332962036
35,179,201.4624695777893,237.24092817306519,250.36414194107056,208.28746223449707,172.7819414138794
32,183,220.21799516677856,349.88392996788025,340.7433612346649,349.1059579849243,186.1591033935547
29,167,186.12165307998657,236.78221368789673,237.0899589061737,216.30221033096313,163.03212070465088
15,69,69.3649640083313,87.35126185417175,76.86993598937988,75.35553359985352,65.29660034179688
14,66,69.14397668838501,72.37178444862366,83.41861152648926,70.57593154907227,67.32313537597656
29,148,197.85154676437378,234.67884731292725,231.27125644683838,200.36796140670776,163.8934621810913
24,135,129.22811603546143,186.4122817516327,211.32448029518127,200.27956914901733,121.89330816268921
21,104,87.16623973846436,99.2025465965271,118.82206964492798,96.55558633804321,76.78772735595703
16,101,104.19268465042114,132.57170629501343,128.75585770606995,108.00641202926636,70.95465564727783
48,235,269.9579930305481,331.94111037254333,335.65438890457153,327.45711755752563,206.4790234565735
43,198,204.63248825073242,227.2548680305481,241.2991509437561,227.24345016479492,151.93463277816772
59,282,289.11419343948364,308.0826926231384,339.8096024990082,319.7140111923218,230.99412775039673
33,184,204.1630096435547,264.3526406288147,234.0310697555542,232.55525827407837,212.52891445159912
24,136,138.43343353271484,171.34206247329712,174.68464040756226,158.41054725646973,102.0563907623291
39,202,208.17188453674316,246.73668146133423,271.5410895347595,241.04852437973022,177.95949268341064
18,87,82.79868745803833,109.40024662017822,120.40240335464478,105.39189672470093,66.26009559631348
24,102,108.17217779159546,112.88373303413391,117.82753992080688,117.31730270385742,90.84296798706055
41,214,229.47003746032715,255.8075819015503,264.5470108985901,264.1713900566101,211.34893703460693
23,125,109.5779709815979,133.3329839706421,152.02213311195374,123.65839290618896,98.66075468063354
27,160,131.47372817993164,178.2008650302887,161.16625213623047,162.14084196090698,153.18204259872437
