word_c,char_c,word,bpe,character,morfessor
11,89,75.44957637786865,90.33091974258423,94.90702033042908,78.94421243667603
5,39,32.04939889907837,37.84695339202881,40.32323694229126,31.19466257095337
10,120,70.24390840530396,85.92577862739563,92.50955510139465,85.45058727264404
8,63,48.7360200881958,64.31330919265747,65.27595400810242,55.81571960449219
8,58,57.63569736480713,73.28101873397827,74.48312044143677,54.087172985076904
8,55,48.85807991027832,38.703627824783325,43.131465673446655,35.88066101074219
12,119,86.22099161148071,94.39053440093994,98.78405857086182,87.08836793899536
9,91,63.957064628601074,100.28530359268188,110.07473850250244,88.5012378692627
9,84,66.49330568313599,109.89235472679138,111.86246299743652,86.13892889022827
11,115,77.22406578063965,92.40954828262329,77.9053852558136,73.240225315094
9,84,60.97768211364746,78.13597393035889,88.41413354873657,67.28314924240112
12,124,81.58089351654053,100.06749773025513,105.23767447471619,94.53661012649536
15,129,126.43086433410645,135.76642894744873,146.82351541519165,121.61261701583862
17,209,141.46800327301025,188.32983303070068,175.3165726661682,178.88300704956055
21,172,138.6750922203064,157.27131175994873,145.746342420578,138.13086652755737
10,139,78.69265699386597,125.06553030014038,124.75100803375244,110.76688718795776
12,99,91.78377628326416,93.79622793197632,100.25301933288574,84.46583366394043
12,102,77.84492826461792,117.24160814285278,110.56782603263855,95.42533111572266
13,118,91.90545892715454,90.79820013046265,89.45133209228516,83.94913816452026
13,89,76.48868894577026,93.57506513595581,88.1574182510376,76.59399509429932
29,162,144.01502752304077,117.93954133987427,114.09348225593567,130.49331760406494
18,165,126.59072637557983,133.364905834198,138.26494979858398,133.33364295959473
25,187,155.24782037734985,143.88607740402222,153.55458903312683,134.80791425704956
5,40,31.15382671356201,41.95589542388916,47.17732810974121,33.796663761138916
17,125,107.53558158874512,119.5672128200531,137.4633960723877,127.21374988555908
12,102,76.49314403533936,110.448477268219,113.00518321990967,88.67949914932251
11,94,73.2208104133606,101.01270294189453,102.99797081947327,100.92834186553955
11,93,77.71110248565674,75.83989644050598,84.84982252120972,72.00657653808594
21,155,137.50149297714233,143.0103461742401,143.52022695541382,127.21313381195068
16,128,115.59784841537476,128.2797131538391,120.48099660873413,117.27793025970459
12,115,70.78822231292725,114.4949164390564,108.44499230384827,95.17034149169922
15,123,114.10912895202637,130.73459386825562,115.2289662361145,118.05621528625488
22,223,170.78727865219116,233.93958854675293,226.44391870498657,215.1939902305603
10,68,52.34254217147827,50.901782512664795,58.696532249450684,52.23448085784912
8,76,55.8262300491333,56.713764667510986,61.58092975616455,54.90281534194946
15,88,69.16391563415527,72.90365839004517,72.7737283706665,61.82013654708862
8,64,51.94775342941284,70.98286843299866,82.26907896995544,59.915929317474365
26,148,158.0528426170349,192.63762259483337,183.7288212776184,158.34570503234863
26,188,162.59926843643188,197.3554277420044,206.6806881427765,172.02833318710327
14,120,112.61363410949707,125.96439361572266,124.5010392665863,117.47503900527954
20,112,125.53480625152588,145.478924036026,141.26537132263184,131.56271171569824
27,198,194.94896411895752,237.6017508506775,220.38860440254211,198.9974126815796
13,99,73.60676860809326,81.57277846336365,80.03278374671936,76.27768468856812
8,73,50.86754608154297,113.13339519500732,92.70133566856384,64.81457138061523
22,192,142.5986247062683,149.11292362213135,140.53497838974,135.05784463882446
18,116,86.13018226623535,100.38649463653564,119.1255304813385,102.90815782546997
20,150,131.29263496398926,183.35120034217834,174.29885411262512,156.79887294769287
23,171,131.7605118751526,169.47903871536255,163.6823012828827,152.24330806732178
14,87,64.93966007232666,72.83610820770264,89.55357933044434,77.89650583267212
19,173,138.92331457138062,181.39549922943115,163.75079083442688,164.51047563552856
19,150,117.9796986579895,110.25272178649902,136.59765195846558,110.0048246383667
11,110,89.78528118133545,104.42039251327515,107.17641568183899,100.51620864868164
7,68,45.79319715499878,82.19857931137085,73.21899771690369,57.16789674758911
13,80,65.91633749008179,73.62602233886719,86.9580569267273,69.1858549118042
15,112,81.62821006774902,92.20510005950928,108.86391115188599,93.4142656326294
13,91,71.26522445678711,61.10136127471924,64.45370960235596,62.13642644882202
28,206,180.81934356689453,175.14926195144653,172.2281517982483,162.8608078956604
16,101,94.7644772529602,120.11583757400513,123.64031767845154,97.55894327163696
16,118,92.49213361740112,124.61794853210449,125.70428395271301,103.08401918411255
21,194,197.85139417648315,250.90782237052917,255.12210822105408,206.17575073242188
23,227,176.4462170600891,258.90550470352173,255.5948235988617,269.58524322509766
17,176,133.39042377471924,148.975248336792,148.8318202495575,141.77808570861816
15,138,101.12091970443726,84.42610049247742,103.57164859771729,94.10654211044312
9,89,59.74935722351074,70.06693506240845,65.07589077949524,72.7361159324646
15,177,127.02345561981201,128.02708792686462,141.3215823173523,112.92679405212402
21,197,171.70896911621094,171.20272064208984,208.85222792625427,167.45013189315796
15,121,85.25845909118652,107.036376953125,115.96520805358887,96.15866613388062
12,112,75.83214378356934,100.4675145149231,102.87875270843506,105.52944803237915
14,125,80.79053974151611,76.08271384239197,74.00210666656494,74.52126264572144
14,97,75.96412086486816,90.0125629901886,93.55086708068848,73.36405086517334
21,129,110.89160823822021,107.06844592094421,103.89155435562134,97.76519584655762
6,55,38.17111015319824,52.62794733047485,48.48707056045532,37.50459003448486
15,146,109.57323741912842,102.54201698303223,110.67989230155945,105.30569362640381
13,151,102.71018981933594,100.75558853149414,106.56572341918945,97.58907270431519
6,55,33.74660539627075,52.60446262359619,54.130770683288574,38.1747407913208
11,134,86.40404844284058,114.04794645309448,115.90602231025696,108.83871030807495
10,93,65.6133804321289,119.75770664215088,119.52068519592285,88.25414657592773
22,191,145.99090957641602,135.30217361450195,145.70483016967773,144.21161937713623
16,121,83.34633684158325,97.06548309326172,103.33021903038025,85.75892972946167
16,155,105.6807107925415,159.05285668373108,151.61925506591797,146.17144393920898
18,162,115.2086992263794,120.00907945632935,117.16688179969788,112.22087812423706
11,107,89.06070327758789,93.35975742340088,94.99032545089722,84.33249044418335
7,72,41.0108380317688,73.04494547843933,75.65615558624268,53.31488656997681
20,201,172.90739250183105,218.83668184280396,213.67845511436462,219.82697343826294
10,60,39.8316216468811,77.43966698646545,77.17036962509155,65.87454271316528
11,74,60.1662712097168,81.8680100440979,81.34779405593872,59.607813358306885
13,128,98.27183151245117,123.17521500587463,113.31937432289124,107.68659543991089
13,120,98.819983959198,105.63388895988464,131.579350233078,102.60601234436035
11,82,55.53526830673218,62.70042943954468,69.42981052398682,56.68831968307495
12,119,79.90901899337769,117.50346207618713,119.30157089233398,96.48513174057007
7,62,45.5294623374939,54.643409729003906,62.42577290534973,40.11997890472412
16,146,128.56319093704224,143.1418318748474,144.29461789131165,129.36651802062988
13,135,103.56150150299072,91.70305013656616,87.81607437133789,87.0649676322937
16,155,126.39765119552612,125.76787948608398,135.50557160377502,113.11559820175171
16,154,119.22678661346436,137.22748374938965,138.05679655075073,125.75757598876953
11,109,77.82717943191528,97.40736532211304,95.26228642463684,80.76054620742798
12,121,86.8897705078125,95.13126254081726,111.18414688110352,87.65702104568481
11,108,74.8643708229065,73.51901626586914,92.63114547729492,79.34900903701782
16,152,127.34229850769043,150.43098998069763,162.89305424690247,145.27990770339966
5,34,21.057530879974365,36.176562786102295,31.721421480178833,19.66087055206299
10,113,80.80368518829346,87.63952732086182,89.83519411087036,78.904381275177
25,212,156.45216178894043,156.8243637084961,165.28679966926575,156.0253758430481
14,112,92.28509330749512,120.56268310546875,110.60422921180725,95.42562913894653
15,123,101.59179782867432,114.71804523468018,116.56682085990906,97.20424747467041
25,216,209.0646743774414,227.4665985107422,213.84238982200623,199.92806434631348
8,74,41.96034240722656,80.7212963104248,81.10193276405334,75.2659125328064
19,163,147.39189434051514,176.02025389671326,147.5301797389984,146.11808395385742
10,108,69.98078966140747,96.87964582443237,95.78209185600281,97.60081672668457
11,104,73.93284130096436,69.73928451538086,84.12040829658508,61.1256160736084
12,118,89.49491357803345,77.86511611938477,69.92861223220825,68.15894842147827
10,81,62.41168260574341,75.74871635437012,79.65262055397034,61.657021045684814
20,203,155.46191310882568,131.83828449249268,144.85846853256226,128.59093379974365
11,137,95.98782444000244,137.53229403495789,146.44149541854858,118.80903339385986
11,100,78.8466739654541,90.76950645446777,94.26257467269897,91.92290449142456
8,62,55.1542272567749,59.58510875701904,53.94327759742737,52.21171951293945
5,48,28.106398582458496,51.27154302597046,56.729679107666016,42.434781074523926
14,149,113.29816722869873,142.59038066864014,159.6143774986267,130.64951848983765
16,129,117.12720394134521,115.81558465957642,118.49977970123291,112.27797794342041
13,93,70.03616333007812,84.82203197479248,81.45995450019836,71.08122110366821
6,59,33.39934730529785,49.71304965019226,70.64642691612244,42.93351078033447
19,151,121.76078844070435,158.57709217071533,152.17844367027283,137.992910861969
22,208,142.1667251586914,173.19251203536987,162.1977460384369,164.35807847976685
15,133,98.46212816238403,139.31328463554382,136.58038783073425,143.71427154541016
18,162,132.3852801322937,153.56294965744019,150.7659170627594,124.06559085845947
11,82,63.01518440246582,81.12909603118896,77.68484282493591,62.850873947143555
16,167,128.78579425811768,154.67823672294617,159.62493062019348,136.5192632675171
16,153,95.09081315994263,121.31060457229614,127.8084225654602,115.52910614013672
13,88,70.47133207321167,83.41006517410278,84.59621620178223,77.13908863067627
19,100,87.92600154876709,82.43701791763306,106.4178569316864,84.95488786697388
14,124,93.75173330307007,144.300386428833,151.15498900413513,122.55219078063965
10,76,45.573851585388184,45.18836975097656,52.7571964263916,38.06400537490845
17,145,123.43190145492554,128.6592254638672,142.98352670669556,117.35848331451416
16,153,113.33787441253662,152.75569820404053,150.15770769119263,130.42589378356934
12,117,88.12539672851562,110.72306823730469,125.04389905929565,101.71856689453125
18,170,141.13184261322021,166.59106492996216,169.2213339805603,155.91792678833008
12,104,76.13954973220825,86.98536443710327,80.54967188835144,78.6598253250122
22,154,130.39918518066406,129.40247988700867,126.33742499351501,133.22048234939575
9,50,34.52812957763672,47.56742238998413,55.976378440856934,36.45425271987915
31,259,230.18278074264526,223.83098030090332,227.57311367988586,222.30380725860596
13,95,81.8578429222107,73.17154717445374,82.76842212677002,76.29945993423462
12,97,85.90913963317871,133.12017726898193,103.50322270393372,107.5956802368164
7,50,40.004812717437744,41.204593896865845,48.46815252304077,33.740750312805176
12,89,55.181626319885254,69.83709621429443,82.67326140403748,68.9971833229065
9,65,35.73473358154297,52.954126834869385,60.490745544433594,46.25404930114746
12,97,74.74444484710693,74.6840271949768,76.27494597434998,73.70008134841919
14,120,89.77740716934204,115.61835217475891,111.52124261856079,100.39206886291504
23,207,170.9727692604065,194.8502242565155,204.33992910385132,193.27269792556763
15,157,111.4388337135315,146.70697498321533,151.35954189300537,121.3374342918396
13,78,84.2671308517456,83.49871444702148,104.83635377883911,83.98817253112793
16,171,123.27650356292725,144.28331971168518,140.03122758865356,125.35508966445923
16,145,112.7021017074585,163.85487031936646,162.12999439239502,137.84458112716675
16,150,119.71779346466064,132.97017288208008,131.5610544681549,124.16134738922119
6,54,30.908023834228516,43.244314193725586,58.086057901382446,39.99972343444824
22,191,149.14943170547485,174.05747985839844,176.6944010257721,159.65596532821655
7,52,44.24681377410889,42.54489850997925,48.19215440750122,46.30601739883423
13,105,65.03809404373169,66.24722385406494,65.87534594535828,55.0075626373291
16,161,122.03768634796143,143.41386032104492,144.37130784988403,116.1491904258728
16,164,129.17408752441406,173.0591344833374,172.0880560874939,152.02030754089355
17,172,145.701491355896,186.5077247619629,165.86102771759033,155.60613346099854
11,93,56.82808542251587,68.62166285514832,75.0266535282135,62.68025779724121
10,75,46.86693000793457,56.72682285308838,63.49922728538513,59.76389026641846
17,124,95.09880447387695,109.31065273284912,115.75319242477417,88.93617010116577
11,87,57.007490158081055,113.6136212348938,100.59235382080078,90.29229402542114
22,162,135.24491453170776,165.14398407936096,165.96649193763733,158.48744010925293
17,140,116.88495111465454,124.8221960067749,132.2198269367218,107.23830461502075
10,105,73.88643074035645,88.9361252784729,85.85693740844727,75.0347843170166
9,80,53.944804668426514,45.98156023025513,63.309154987335205,42.906174659729004
22,170,156.7711386680603,210.8851456642151,193.0825479030609,168.64236640930176
24,185,176.24752235412598,189.59781289100647,182.43255352973938,164.25216341018677
19,204,163.85788345336914,194.5249900817871,219.2902569770813,187.03897953033447
12,70,50.249494552612305,53.620781898498535,62.12135601043701,55.3375186920166
17,127,112.50981903076172,129.79361009597778,118.8128182888031,100.92318677902222
17,169,107.06622505187988,193.33976411819458,186.35394382476807,189.6037859916687
13,68,61.91355657577515,58.572587966918945,71.53537464141846,53.61978816986084
12,100,82.3190689086914,114.60477709770203,125.28413462638855,108.83383369445801
18,142,125.40535974502563,130.52917575836182,153.74515557289124,128.23093128204346
17,110,98.03005504608154,114.70616626739502,120.91885375976562,103.57125616073608
17,87,94.27612495422363,84.76402282714844,86.50175762176514,84.55714225769043
14,144,101.31570625305176,121.10134410858154,127.4653480052948,109.96181011199951
21,171,120.43912506103516,129.7132430076599,127.21396946907043,114.9924578666687
11,101,73.8663158416748,84.98004388809204,87.07568836212158,71.33115482330322
9,77,60.20612049102783,65.67337322235107,76.53735327720642,60.33495283126831
14,92,74.20800304412842,84.116943359375,99.17780947685242,78.83564949035645
21,251,170.98855447769165,292.0558133125305,263.0817368030548,248.67987251281738
23,205,170.8093433380127,182.70238876342773,175.32806849479675,178.1294322013855
19,197,148.94564008712769,155.37365055084229,163.44485902786255,156.558180809021
12,120,95.1100401878357,116.89602875709534,113.34919047355652,99.560049533844
9,99,65.57125520706177,100.22783756256104,104.28986668586731,82.74780654907227
15,145,124.36653804779053,142.28371047973633,142.71758913993835,123.00763654708862
19,171,146.55807495117188,167.002014875412,154.8186638355255,150.35206699371338
18,161,129.25113725662231,139.55985188484192,151.52921056747437,128.97926473617554
11,107,75.84521961212158,122.39759230613708,127.99857902526855,106.13987350463867
7,59,36.719298362731934,50.952693939208984,52.13190746307373,44.18715286254883
10,115,82.7878794670105,106.2412519454956,115.21491074562073,101.53239011764526
17,155,118.61257266998291,132.45218324661255,142.57461285591125,117.4751787185669
22,231,193.36004877090454,194.0690097808838,176.34644317626953,186.63647603988647
8,76,58.346158027648926,72.64630818367004,93.23437285423279,68.34842157363892
10,87,67.58791446685791,69.8052134513855,87.38306283950806,69.46235036849976
8,75,50.31385135650635,63.952534914016724,77.13575434684753,57.20494079589844
9,76,58.83290386199951,89.49427032470703,86.79023098945618,60.91935062408447
13,125,102.88000679016113,111.60660552978516,118.24434685707092,90.64280605316162
23,243,201.9693145751953,216.121000289917,220.4473898410797,195.30680561065674
13,111,97.60006713867188,119.55497789382935,120.05336308479309,101.46059370040894
8,82,47.59827470779419,75.42768287658691,80.46505236625671,68.68373966217041
13,114,98.04815673828125,97.62654900550842,102.43434762954712,91.03431034088135
5,45,27.382755279541016,57.69402265548706,68.40450096130371,44.9070086479187
4,35,15.177294731140137,32.07455635070801,41.7952995300293,23.07790517807007
6,61,31.51666831970215,45.444740772247314,52.33019495010376,38.6663293838501
16,141,118.34613227844238,122.66970539093018,133.18912959098816,117.52524900436401
11,124,93.2107515335083,117.91298604011536,117.98148584365845,117.10763931274414
14,153,99.51265382766724,147.6592457294464,145.97523307800293,137.29886436462402
11,86,65.06451272964478,87.270010471344,85.65108466148376,69.87921571731567
10,94,62.64057731628418,71.12912273406982,73.46235466003418,65.89071464538574
15,107,110.77587890625,116.06849098205566,116.92665719985962,104.53130054473877
9,87,60.390323638916016,69.65108489990234,75.47677302360535,64.16964912414551
10,78,65.751136302948,56.454062938690186,62.071937799453735,51.76582670211792
6,62,36.02713203430176,43.19306468963623,49.56122279167175,42.328150272369385
19,158,125.78976821899414,129.73374223709106,130.45526337623596,120.995596408844
10,100,71.10211038589478,87.54438591003418,91.55933928489685,69.19778347015381
20,164,111.99483680725098,157.2247815132141,138.97196745872498,136.25287103652954
11,78,70.21999645233154,78.39511132240295,89.43717336654663,54.505351066589355
17,160,137.43917989730835,173.50060606002808,161.4456558227539,168.28718662261963
26,165,137.63429069519043,156.738356590271,147.45606899261475,131.7389850616455
18,178,140.85721826553345,176.64663457870483,166.71300768852234,177.88534116744995
14,120,78.82712602615356,126.68018245697021,112.54565596580505,101.22910451889038
18,133,121.2869725227356,132.08168482780457,144.76738929748535,121.52245569229126
19,183,127.92012405395508,140.1912660598755,129.76262998580933,131.61355066299438
16,185,127.12561178207397,167.5935230255127,156.85445499420166,144.03676080703735
7,56,38.19300937652588,50.31754159927368,73.79446148872375,45.857250690460205
13,101,90.16897392272949,116.59837484359741,130.76600551605225,101.84511423110962
5,42,25.412423133850098,50.39589500427246,69.44782423973083,41.31323194503784
19,189,172.47808122634888,214.69129920005798,225.6791594028473,190.8006353378296
9,55,32.52773714065552,42.423691511154175,49.49693417549133,40.84151363372803
10,83,66.92228603363037,60.468907594680786,69.96045422554016,76.6305456161499
19,200,162.57746505737305,188.03896927833557,173.1857831478119,177.50080585479736
15,138,110.68919229507446,185.5446457862854,198.60310912132263,160.25007343292236
17,158,133.1968536376953,146.30784845352173,137.34648823738098,135.61709594726562
16,107,88.59753656387329,96.47138595581055,85.83566236495972,83.86431741714478
18,157,130.3018274307251,145.2262101173401,143.6716170310974,130.76471376419067
22,234,168.25601196289062,186.79154539108276,196.9053361415863,177.6731472015381
13,102,66.5735330581665,49.03620362281799,58.03290867805481,65.5943832397461
15,93,77.40044021606445,97.47014665603638,90.96085047721863,77.87022972106934
16,126,109.17195177078247,107.17360138893127,117.2458884716034,101.34431457519531
18,134,116.15292549133301,119.74313163757324,132.59044313430786,105.0376648902893
22,195,149.38211154937744,111.35453414916992,121.9657654762268,128.0029411315918
13,109,91.4975938796997,87.90763330459595,86.65080142021179,78.68006086349487
12,83,50.23988342285156,66.68656349182129,64.7886414527893,55.26845645904541
18,145,119.16509437561035,137.51810598373413,138.1890082359314,134.4473762512207
7,74,49.816887855529785,85.32983946800232,91.16640210151672,61.56633710861206
10,92,70.69735622406006,107.49700403213501,110.48551988601685,92.11956977844238
12,118,85.6000623703003,112.00131893157959,105.516930103302,97.85321855545044
14,134,111.29860877990723,146.8761501312256,146.9700529575348,123.00741243362427
19,186,151.38642358779907,151.28183698654175,153.71441507339478,135.76780700683594
15,112,94.03550577163696,99.79124736785889,99.80102133750916,89.58761882781982
24,159,150.46099185943604,154.20232629776,151.94951224327087,148.9682788848877
9,73,43.454222679138184,63.51642656326294,69.43568539619446,62.61780595779419
12,122,97.43577194213867,119.69411396980286,138.77932739257812,110.85263347625732
22,180,148.7712836265564,120.14505004882812,138.73824739456177,127.75657796859741
10,84,75.44467830657959,97.1608190536499,101.97286462783813,82.13829755783081
9,71,57.171916484832764,52.182695627212524,62.654876470565796,47.43359422683716
5,43,28.552252769470215,51.62647867202759,55.88398623466492,43.9193115234375
9,70,54.82148885726929,60.75157594680786,68.16498517990112,48.300880908966064
11,83,76.2095685005188,86.83422994613647,101.34652709960938,70.67842054367065
23,224,188.56157398223877,205.70519590377808,213.57070469856262,201.61651182174683
15,103,83.24807977676392,81.09636211395264,84.08638286590576,88.03868961334229
19,163,122.1629285812378,116.04986333847046,135.88154411315918,112.8136682510376
13,121,104.33401107788086,115.02795839309692,112.44838452339172,99.81722450256348
7,53,42.7885684967041,85.60631132125854,67.03099370002747,62.30291986465454
13,95,96.87822246551514,99.81214427947998,118.1361072063446,83.80683994293213
17,130,125.31229782104492,123.38066864013672,128.86606693267822,101.049813747406
18,177,140.68488216400146,184.38498973846436,178.29648900032043,163.00471019744873
11,112,76.02295637130737,71.43491387367249,74.45162510871887,67.96637725830078
18,127,108.05650091171265,106.1252851486206,109.52567672729492,88.69422245025635
15,139,107.72772598266602,121.48956871032715,120.49831700325012,102.66891431808472
11,100,77.46330118179321,92.29308462142944,92.84686183929443,82.34636974334717
13,129,91.45825147628784,108.94812488555908,92.1330144405365,90.62211751937866
15,172,123.66269588470459,176.9665174484253,173.2126841545105,170.14229536056519
14,125,80.77071475982666,101.52181482315063,118.16249799728394,95.72034311294556
10,104,76.11127519607544,82.52792763710022,85.87168002128601,73.04774761199951
17,89,69.64271879196167,54.72069835662842,56.15300107002258,59.97995090484619
15,125,89.53583574295044,112.66111016273499,103.40586137771606,94.38407802581787
7,62,32.716596603393555,49.02809143066406,62.72101855278015,42.98876905441284
18,98,96.4713306427002,120.02322912216187,103.8893928527832,102.51170873641968
22,188,143.83145427703857,158.33370447158813,157.30314588546753,128.48226737976074
14,132,102.35324478149414,115.54413151741028,124.32098865509033,100.69080257415771
7,88,48.0684757232666,67.78834390640259,71.2308759689331,63.168309688568115
16,143,111.45224380493164,109.2375271320343,121.80920171737671,110.6588077545166
14,164,97.5478310585022,135.54332208633423,150.98035883903503,139.34528398513794
6,51,37.03250217437744,48.25628995895386,59.193060636520386,39.08024215698242
14,112,87.57557153701782,92.05552339553833,93.9982361793518,84.0408501625061
11,131,79.6136703491211,97.23247194290161,106.4643702507019,87.9440689086914
12,113,72.60445499420166,102.1468734741211,97.76132369041443,82.7765793800354
6,52,36.87452697753906,43.33996105194092,53.55524039268494,42.36916208267212
12,122,91.78029441833496,153.14932584762573,160.00951647758484,119.15663433074951
13,94,69.09001541137695,80.4383864402771,79.98464226722717,70.47246313095093
24,179,145.5889949798584,211.75015592575073,201.16223192214966,184.4005618095398
8,81,53.08410596847534,69.22740840911865,65.67785453796387,55.12612342834473
8,100,60.17330360412598,85.74518013000488,99.42227959632874,77.17986345291138
14,126,86.56610345840454,147.58660316467285,138.75725483894348,113.50294637680054
14,106,86.72415590286255,102.29443621635437,113.03878784179688,95.74063634872437
14,147,110.68397903442383,140.26026344299316,137.83496594429016,105.62818145751953
16,184,132.71504878997803,154.1896333694458,155.10545349121094,147.7614345550537
13,125,94.0170407295227,111.11107015609741,92.74991703033447,96.25441789627075
12,96,69.6525936126709,73.69430875778198,73.17957210540771,66.82275772094727
12,103,74.02766227722168,106.9200451374054,108.3029203414917,86.03633832931519
19,181,154.4923791885376,206.87935400009155,188.8830907344818,169.89431142807007
18,173,146.67565202713013,196.45343160629272,183.04468297958374,171.98448705673218
11,120,72.86445999145508,101.2469654083252,114.26010131835938,96.34477281570435
12,93,77.26218748092651,85.40997862815857,95.14044523239136,80.61503839492798
13,120,95.25753736495972,123.8674750328064,127.81909608840942,107.85032272338867
16,124,119.70666408538818,101.01900029182434,113.52950596809387,108.55168056488037
25,241,176.33172988891602,206.17125725746155,202.2521493434906,197.41036796569824
11,80,60.363922119140625,61.20171308517456,76.41845035552979,53.69526481628418
10,95,65.82405710220337,89.69694995880127,81.29138779640198,82.9833722114563
17,138,102.62968158721924,113.68014574050903,104.21883177757263,99.87969398498535
18,197,142.78567171096802,138.61607313156128,125.93593001365662,116.046706199646
14,107,83.49577760696411,95.17248821258545,93.45536208152771,81.17292642593384
8,74,47.455421924591064,93.16559290885925,90.11223888397217,76.5680456161499
17,184,128.21679496765137,196.9118628501892,204.9317741394043,176.13955640792847
16,133,111.84182739257812,155.7892565727234,172.894385099411,153.7350435256958
19,179,136.44562482833862,170.831604719162,155.49118328094482,136.27785539627075
17,125,117.32237434387207,141.2869212627411,150.00793361663818,136.73378562927246
22,226,159.39064598083496,157.95648336410522,147.776789188385,147.37904691696167
15,112,79.5885591506958,69.67029190063477,72.05801630020142,63.85800647735596
19,103,101.87744855880737,93.79869174957275,98.20087099075317,87.61278772354126
16,118,108.21104574203491,128.94327998161316,125.98982763290405,112.18477487564087
7,63,39.47604942321777,49.01409864425659,54.14400911331177,39.00823640823364
8,71,47.241682052612305,65.9670991897583,76.01187753677368,64.92568874359131
15,134,84.27318668365479,83.24225950241089,103.2673065662384,81.8752384185791
11,93,60.23412799835205,69.5920295715332,85.62725281715393,64.91212224960327
9,63,51.084251403808594,56.965601444244385,68.52967572212219,56.67508316040039
9,83,58.170907974243164,88.55680441856384,74.58200883865356,58.09465789794922
10,70,54.5601019859314,65.66086053848267,52.90477633476257,45.771788597106934
12,100,84.98134136199951,117.69833397865295,104.54384469985962,99.61604166030884
13,134,92.44894981384277,126.77582359313965,108.51959419250488,118.22993421554565
18,161,108.1611590385437,128.67315292358398,126.15235042572021,124.88643789291382
7,65,43.8086462020874,41.78567409515381,56.98692083358765,47.475722312927246
12,109,81.60914945602417,116.49568271636963,122.44218039512634,112.26417875289917
12,128,95.52592372894287,114.97863554954529,104.24624609947205,128.07860803604126
12,81,61.17965745925903,79.2681393623352,83.03294730186462,58.410367012023926
13,117,98.02579164505005,138.06215381622314,122.271249294281,118.15742111206055
14,140,105.0740852355957,131.36024570465088,133.8040647506714,121.33063840866089
12,116,73.11138248443604,131.45298790931702,146.01488733291626,115.5372109413147
6,41,36.920416831970215,56.39830040931702,70.57703447341919,44.51164197921753
19,177,140.4558343887329,162.78001523017883,187.9145905971527,165.56041622161865
16,135,101.24147176742554,145.1557159423828,147.75960731506348,126.72430276870728
23,188,119.72639465332031,150.46173906326294,142.3824167251587,147.14567184448242
20,158,124.03427791595459,128.86779117584229,139.51541185379028,128.1659722328186
15,102,83.05229043960571,97.66317105293274,100.31646943092346,101.96148490905762
24,213,193.23430490493774,211.76746225357056,207.84837889671326,194.886643409729
10,89,69.85623979568481,86.01115655899048,82.81911659240723,63.44289493560791
14,115,105.0528974533081,135.36186599731445,137.9020233154297,117.40509939193726
8,74,64.89622926712036,86.71009802818298,77.99254179000854,73.06327819824219
11,73,70.93455266952515,102.79992294311523,109.45149540901184,80.41923189163208
25,164,139.4007658958435,141.01594257354736,145.8059582710266,135.58542203903198
17,167,126.83241987228394,144.61914110183716,156.24045658111572,140.7926287651062
16,160,101.95691585540771,144.7214286327362,136.34439539909363,141.48735332489014
16,111,103.12741470336914,158.22965049743652,143.12530732154846,131.87372398376465
23,174,166.11139345169067,190.05982422828674,179.2041721343994,170.14570999145508
13,149,101.68185806274414,150.0500864982605,139.60488605499268,139.27442979812622
16,109,74.37473678588867,79.66968441009521,78.12476682662964,77.14372682571411
15,155,119.75445747375488,153.45644617080688,147.48385000228882,125.74348449707031
6,55,36.37301445007324,49.86437749862671,59.228214502334595,35.91286563873291
22,210,153.8127784729004,193.4075481891632,196.36025500297546,167.97470569610596
11,92,65.46105575561523,105.22136116027832,103.60227942466736,74.42688322067261
9,67,50.09837007522583,49.26545715332031,57.5173876285553,42.4950213432312
14,112,93.69033622741699,107.07604312896729,116.56057024002075,100.4906177520752
8,62,45.34079074859619,54.78060555458069,60.95179843902588,46.59640407562256
20,162,125.6124095916748,149.00236225128174,155.72320318222046,147.09003829956055
13,97,69.7539963722229,63.176822662353516,67.73288035392761,58.89354085922241
8,93,56.66536235809326,98.57675504684448,100.59727191925049,84.06099271774292
7,66,36.93795156478882,63.00903654098511,71.33373069763184,57.273104190826416
11,111,74.29917812347412,96.09541416168213,91.3415675163269,97.3032398223877
10,87,70.95241737365723,121.19395065307617,111.9791750907898,92.48355293273926
20,148,113.67413473129272,131.50249004364014,124.78394675254822,124.68840408325195
12,114,88.52596807479858,100.50117182731628,110.31875205039978,92.0669493675232
18,160,106.23565721511841,119.58121156692505,129.73002982139587,112.1609354019165
22,200,152.5846128463745,190.91313934326172,180.72355127334595,165.43683004379272
9,92,60.43181133270264,86.819251537323,91.0232367515564,74.84663963317871
28,254,230.82452487945557,264.34133791923523,251.8369483947754,227.7984766960144
7,55,42.67231273651123,53.61568355560303,58.101890325546265,44.08860111236572
11,99,84.74615287780762,94.38834285736084,100.36803793907166,80.64460706710815
14,97,87.02604341506958,71.45392775535583,72.24628782272339,77.93573141098022
15,135,100.88934183120728,133.1186261177063,111.73055005073547,124.18674898147583
14,114,87.85565853118896,96.38673877716064,95.8718364238739,99.2343521118164
9,92,60.51447105407715,92.01375150680542,106.34645533561707,87.8188796043396
12,80,63.349886417388916,48.745551347732544,61.503639936447144,47.720497608184814
31,258,201.26983308792114,169.10764026641846,180.42188382148743,172.77663612365723
16,144,117.20083379745483,152.28849363327026,152.03532028198242,128.23307085037231
19,151,123.18953466415405,149.16743874549866,154.7599356174469,137.3970365524292
16,160,122.41522216796875,182.04357385635376,178.03455543518066,163.98695373535156
11,98,87.27232646942139,102.74558591842651,117.12567567825317,86.85617542266846
18,109,92.11469984054565,92.05100440979004,114.27842998504639,88.59796142578125
15,98,71.0128903388977,62.25522255897522,69.79560995101929,55.51846790313721
12,96,89.4526219367981,91.31071138381958,94.54346323013306,85.29169368743896
9,77,56.987053871154785,67.2235198020935,74.6360776424408,61.56081819534302
20,197,138.70995330810547,174.93470549583435,172.2374086380005,154.96051454544067
19,206,133.07543230056763,173.71490621566772,179.54416275024414,161.30567836761475
10,117,76.43150901794434,147.32340383529663,133.71787643432617,121.34152221679688
7,59,32.75162172317505,58.351449966430664,58.8980450630188,57.65369462966919
17,127,137.41099214553833,160.1984453201294,150.3719048500061,155.39187097549438
24,151,164.47739458084106,181.9262251853943,199.03174567222595,160.30638551712036
19,158,123.77229022979736,195.45295333862305,196.37781596183777,163.97976446151733
23,144,106.33295774459839,157.55832195281982,142.94895148277283,152.6217737197876
10,53,40.980592250823975,39.15660047531128,43.287028551101685,39.84102964401245
25,203,179.23661088943481,233.09465670585632,222.0247359275818,201.72546100616455
16,81,62.8037428855896,64.82641649246216,62.749183893203735,56.34827709197998
7,64,46.38029718399048,72.8395926952362,80.2830080986023,68.5776138305664
8,85,64.7374701499939,80.00415134429932,87.81567215919495,74.7972264289856
22,182,164.79038095474243,198.78570532798767,195.51978158950806,183.70725393295288
34,267,228.2165331840515,199.47495031356812,203.9754581451416,201.72655296325684
24,187,139.413432598114,135.96090412139893,143.99901461601257,145.60533571243286
12,126,93.63565826416016,155.3669033050537,144.3322570323944,127.80682325363159
17,127,114.81217288970947,178.95215797424316,186.15538144111633,167.16439962387085
14,133,104.41119623184204,148.67405319213867,146.77431201934814,148.01052522659302
17,166,128.74060583114624,174.55228233337402,179.8324489593506,181.10617446899414
19,194,149.871000289917,145.94599270820618,152.74334287643433,166.93551921844482
11,75,59.829590797424316,72.49495887756348,84.57823586463928,65.82361841201782
18,135,114.03994512557983,124.54051160812378,124.84763050079346,112.36356735229492
17,137,101.08108186721802,120.07098197937012,128.59535002708435,107.82803201675415
12,84,56.23382806777954,58.39389967918396,67.87783288955688,69.33605146408081
16,143,90.06736469268799,145.6668882369995,146.5751485824585,139.18777513504028
14,121,86.38022089004517,98.16884422302246,92.55285692214966,86.56056833267212
14,114,93.28389644622803,96.6779236793518,101.99917244911194,87.48872518539429
16,132,100.03668975830078,110.7810869216919,121.51804757118225,108.53531265258789
14,134,103.86805295944214,117.52795600891113,125.97912096977234,106.45951700210571
8,119,62.35951328277588,97.57901096343994,98.2694411277771,87.32250595092773
9,79,51.215460777282715,61.54437971115112,62.36575698852539,52.24453544616699
18,167,119.70363712310791,133.93050622940063,138.9648334980011,145.03028964996338
14,107,74.66373872756958,95.096426486969,93.65996408462524,75.33462572097778
12,86,57.048747062683105,59.77018737792969,73.30390334129333,65.93155193328857
11,67,53.424903869628906,76.33816623687744,80.1659049987793,58.273151874542236
12,67,58.456639766693115,53.75163412094116,63.61719727516174,59.656718254089355
16,135,99.85835599899292,106.6378812789917,114.25525736808777,103.84634065628052
14,105,82.14890670776367,96.90923762321472,94.44179487228394,84.5099925994873
16,121,89.4513635635376,125.14079523086548,117.23973035812378,98.15306997299194
17,148,127.73645114898682,134.433349609375,133.50175070762634,144.95307207107544
7,53,42.212461948394775,70.69662237167358,64.28326177597046,47.88197326660156
17,158,152.40894556045532,171.31416034698486,169.29967164993286,152.75091457366943
10,86,65.9681568145752,120.87225103378296,107.87850666046143,102.12535572052002
12,123,80.96219968795776,129.65573930740356,113.27235317230225,109.97114706039429
11,105,79.60367250442505,101.2836766242981,94.16996836662292,85.13948011398315
13,99,76.21242141723633,72.18468475341797,70.28215146064758,73.20744466781616
9,95,64.85960721969604,100.66595602035522,114.43883633613586,79.9723596572876
15,129,110.42617797851562,130.20261335372925,124.03715515136719,109.16336679458618
15,186,127.37411642074585,188.20657324790955,186.6551640033722,166.9661455154419
10,81,68.20555210113525,92.60804653167725,112.37043762207031,77.86161375045776
19,177,160.20777225494385,219.1275191307068,209.72111439704895,191.14545965194702
7,79,48.07877159118652,94.52222394943237,98.49757027626038,74.68562126159668
9,83,62.03803586959839,90.88587641716003,111.67302870750427,77.96907663345337
13,101,100.6915955543518,117.42258262634277,118.32094240188599,93.91343975067139
20,208,160.04592418670654,188.52936792373657,174.36973762512207,172.2340612411499
13,108,91.9235291481018,95.87888216972351,96.46079349517822,88.05175590515137
23,237,181.26847076416016,197.53631210327148,191.82260918617249,188.16952323913574
8,65,47.22153854370117,48.04932689666748,52.79804873466492,47.26832580566406
15,116,91.1152777671814,103.80141162872314,117.71792960166931,101.45927858352661
16,141,104.05155372619629,105.33469152450562,120.86805820465088,107.38368511199951
7,89,46.98661422729492,80.78113889694214,77.36780881881714,66.11901903152466
9,83,58.63136100769043,62.22625255584717,79.16306757926941,56.5332350730896
18,155,116.41762018203735,127.2890214920044,128.93589425086975,114.29426002502441
18,153,114.29649257659912,120.68747282028198,124.37305951118469,113.00749683380127
6,51,32.10176372528076,43.47708582878113,56.189401626586914,42.840991497039795
9,64,57.072997093200684,88.30699276924133,79.59491086006165,73.37239980697632
12,143,86.28246593475342,117.62586402893066,107.00601935386658,97.72819709777832
15,149,107.87423324584961,133.44766759872437,140.42813086509705,116.50480604171753
6,35,29.455870628356934,50.61289691925049,61.65084218978882,35.619426250457764
8,60,56.37845039367676,72.28624153137207,65.91654539108276,54.5746750831604
19,164,126.35052061080933,153.81390571594238,145.66427445411682,125.3947606086731
18,176,121.09423208236694,174.21187233924866,174.57190895080566,169.0993447303772
15,93,77.38255453109741,73.22761487960815,85.15201830863953,66.25256252288818
15,119,120.1645917892456,114.90293741226196,135.03179121017456,119.93183851242065
20,173,140.7219157218933,144.7902708053589,147.58297061920166,146.00535106658936
7,69,48.190988063812256,74.3132472038269,82.67767238616943,65.36459589004517
16,153,123.57318305969238,171.81485605239868,182.20799231529236,163.3041796684265
8,65,46.34367847442627,47.595930099487305,55.928040981292725,54.26044750213623
10,104,63.29364490509033,73.78195905685425,82.50896334648132,78.93108749389648
17,140,95.70662260055542,105.50256967544556,125.82469320297241,98.62161159515381
6,47,32.769330978393555,29.725022315979004,40.070794105529785,35.42138195037842
13,104,101.77573680877686,164.11705684661865,151.6385908126831,141.3649172782898
15,147,124.06191682815552,168.65943574905396,182.21601939201355,158.3392686843872
15,95,83.9206314086914,96.14719152450562,88.76391744613647,84.81261253356934
21,177,129.73230075836182,130.7627911567688,129.5561556816101,113.42022037506104
11,71,79.58176469802856,124.33562660217285,124.67216897010803,102.24303388595581
10,99,69.35265302658081,92.83181262016296,104.20202922821045,103.61034870147705
10,65,49.894102573394775,64.89871144294739,64.27320456504822,65.16968011856079
15,105,87.8224105834961,115.03457474708557,138.51369524002075,116.82416009902954
24,169,147.00079584121704,171.6156678199768,159.4023928642273,149.83920049667358
8,66,46.47830009460449,86.83357381820679,83.44159960746765,70.59170961380005
15,114,95.88564682006836,135.14214181900024,131.88167095184326,128.60275888442993
12,81,54.16464138031006,73.28192234039307,67.60342764854431,63.87252330780029
10,100,71.42897319793701,138.3901948928833,130.8886697292328,107.00201416015625
10,68,59.90116786956787,82.94946527481079,83.78624439239502,82.87859582901001
11,91,74.20787715911865,117.06552028656006,103.72650408744812,88.18560791015625
16,125,94.6168909072876,125.0467700958252,112.7289023399353,110.90090847015381
11,96,77.47066307067871,124.52819776535034,116.90725803375244,104.32382440567017
13,84,72.6506199836731,86.42035436630249,80.38868880271912,66.84685039520264
10,98,78.89148616790771,130.13823866844177,128.11439752578735,100.59167242050171
13,97,94.45013427734375,103.89481496810913,111.1445004940033,94.19164991378784
13,84,69.62916088104248,95.71686267852783,93.39927220344543,88.17514657974243
12,103,78.50205421447754,82.55410385131836,91.18212389945984,71.93058490753174
9,48,36.33875131607056,58.012686252593994,56.587894678115845,41.083446979522705
13,97,72.7895040512085,78.52874755859375,98.76551651954651,86.87454223632812
18,142,113.0387282371521,135.32438778877258,139.1794307231903,115.2454252243042
11,78,72.21979522705078,87.62689924240112,81.44316077232361,67.69576454162598
19,131,104.30585241317749,105.70275163650513,120.33317422866821,102.40777969360352
19,138,139.55836248397827,155.9776062965393,142.8305230140686,133.80308866500854
9,67,50.61273908615112,43.15771532058716,58.20879077911377,37.066269397735596
11,99,80.66781091690063,120.86381006240845,123.95131373405457,102.2443380355835
18,163,138.14204025268555,168.05568552017212,170.81553292274475,163.69780206680298
20,149,128.61160564422607,140.0263795852661,144.42997789382935,123.09574460983276
13,124,100.9380874633789,137.31534051895142,141.49151062965393,118.5010232925415
18,98,68.63591766357422,74.2350800037384,79.98537302017212,69.05382823944092
4,19,13.597832679748535,24.5746066570282,28.541494846343994,16.87346649169922
11,62,50.91367959976196,62.635645151138306,71.14322566986084,53.03620004653931
12,109,60.34631586074829,90.90604543685913,104.34190607070923,96.10748386383057
17,150,125.47916889190674,147.1439549922943,141.60312390327454,132.83948612213135
24,149,131.3218789100647,197.42719411849976,174.43737149238586,138.18904304504395
12,104,62.317904472351074,83.0617127418518,87.06589365005493,66.95402908325195
18,118,118.58816528320312,97.3827452659607,101.73106908798218,103.42662811279297
14,120,98.91543960571289,115.38753080368042,120.2416033744812,109.36004447937012
14,84,79.7517638206482,92.22991847991943,98.83608508110046,84.43424320220947
23,192,162.08250665664673,191.969309091568,208.9434792995453,188.26310205459595
12,108,94.67990684509277,100.51021218299866,107.80738353729248,88.53098917007446
8,76,57.629183769226074,55.78149771690369,72.23597049713135,57.79437494277954
17,175,117.37394142150879,112.78247284889221,114.9633309841156,108.30470943450928
17,175,128.2096710205078,153.20244979858398,162.34851336479187,132.96846771240234
18,139,116.69611310958862,134.60338616371155,133.39070773124695,126.31085157394409
14,143,102.97717523574829,123.23472499847412,129.75609040260315,114.12582540512085
17,204,139.2005033493042,136.23601698875427,155.05214047431946,143.5275535583496
12,126,88.39389848709106,95.37475919723511,92.49264526367188,86.73985481262207
9,112,65.54417848587036,84.24426126480103,80.89069366455078,74.90984630584717
20,191,161.54654121398926,181.35644674301147,182.5915117263794,178.32930660247803
16,190,126.86490154266357,143.0654492378235,149.90439200401306,160.19077587127686
17,148,121.36766052246094,138.2308211326599,128.05459833145142,120.86311912536621
15,168,117.70538091659546,161.3017120361328,136.76322150230408,121.21672296524048
15,155,120.84765386581421,132.77105903625488,132.09004497528076,133.7457036972046
14,152,121.46186208724976,224.72397589683533,209.30912113189697,193.8333773612976
24,260,214.8543038368225,235.7500455379486,229.00766730308533,216.85956382751465
14,93,93.35962200164795,94.95826768875122,108.53183722496033,91.0868148803711
19,134,115.28067064285278,121.7789134979248,107.69713807106018,107.4643611907959
20,215,153.99559545516968,232.48385095596313,240.51568627357483,226.29684829711914
13,100,73.0585470199585,93.63287472724915,104.96418380737305,86.68818759918213
9,94,52.33231019973755,104.60999250411987,105.67431807518005,85.22712755203247
19,194,152.45526838302612,203.52409958839417,207.034499168396,199.51113080978394
7,85,50.708231925964355,103.76322507858276,102.77761650085449,79.13865804672241
11,113,78.61498975753784,110.52171683311462,112.87847852706909,104.85872840881348
9,116,67.36402225494385,77.46084523200989,75.2574896812439,83.00881338119507
22,171,150.9253282546997,109.088552236557,143.6345944404602,119.29126358032227
11,97,79.97765350341797,63.871997356414795,78.0028908252716,69.64891862869263
18,128,109.02068090438843,77.28107786178589,92.57180547714233,90.84225702285767
17,208,136.1306233406067,160.08863043785095,178.4056477546692,150.84822845458984
8,108,65.93500232696533,137.96072101593018,115.41220092773438,109.84221696853638
9,105,70.83524894714355,79.01096248626709,79.81896591186523,68.91236352920532
18,145,105.77178001403809,114.04119372367859,116.35086345672607,115.64311265945435
7,77,44.30971336364746,76.92779159545898,77.85425686836243,52.368874073028564
16,125,93.84979295730591,98.87094211578369,103.62574481964111,92.03536081314087
10,92,71.46467065811157,92.83438658714294,78.05568051338196,69.4110460281372
10,80,51.86170959472656,76.92684888839722,80.08338499069214,62.92328596115112
16,169,131.59737253189087,150.94633507728577,154.47540092468262,141.5299744606018
13,148,108.70533180236816,112.27583193778992,110.61991500854492,107.1705436706543
19,153,124.45123529434204,144.5850100517273,146.53190875053406,126.50717830657959
24,194,173.59837102890015,171.28336811065674,172.82424879074097,167.10055923461914
19,149,104.96697998046875,127.41474986076355,132.75107336044312,114.45036029815674
20,129,105.6444091796875,133.26143193244934,102.71579241752625,95.91000270843506
14,97,89.0850920677185,97.97284650802612,96.31519603729248,77.68747901916504
13,125,107.97765445709229,112.88200116157532,126.1686155796051,104.36938667297363
11,81,61.40629720687866,74.85190343856812,92.71866989135742,72.56320762634277
8,92,61.03372097015381,78.75938940048218,81.41371989250183,71.5451078414917
23,195,169.74021244049072,189.3307671546936,190.72165608406067,182.39509391784668
23,232,179.58565616607666,197.11785745620728,204.18715238571167,187.98945713043213
19,166,138.3337917327881,150.11018085479736,144.5967035293579,133.92448329925537
10,104,73.19090557098389,103.80714797973633,87.98899817466736,73.7814040184021
22,182,146.55394506454468,118.01207399368286,129.61898636817932,132.68745946884155
8,59,54.771180152893066,66.77099084854126,78.23506498336792,59.025765895843506
19,164,145.1093773841858,144.87613558769226,150.41795992851257,134.39081573486328
9,85,62.30747365951538,85.26922535896301,79.99406862258911,58.82823133468628
18,184,145.15631914138794,145.64756560325623,146.16124939918518,144.55461931228638
7,77,47.36027669906616,73.18535804748535,81.53207635879517,60.67609214782715
15,117,97.30566215515137,119.83178305625916,110.58130192756653,100.33357238769531
7,53,47.69475603103638,65.43255567550659,92.01354956626892,56.1871395111084
9,84,59.477304458618164,85.9373664855957,82.6852388381958,71.61739921569824
14,148,107.35419607162476,124.56832885742188,142.70907354354858,120.2283844947815
14,160,126.22111558914185,148.6970534324646,161.8825716972351,125.702157497406
14,153,115.8750672340393,128.29566287994385,136.90020728111267,114.58607482910156
16,148,110.38136339187622,128.48345041275024,120.95689988136292,122.01756191253662
21,223,178.32723712921143,186.19134044647217,191.99965119361877,159.99528217315674
14,147,102.40875053405762,153.67138576507568,152.55635261535645,124.30403137207031
13,106,103.45931720733643,95.00623559951782,99.55498909950256,84.13328790664673
12,99,88.13111114501953,114.66196036338806,124.69072484970093,106.46492195129395
13,127,103.45593023300171,135.24180817604065,164.88391065597534,123.14392375946045
15,110,91.80933666229248,86.56485152244568,84.25841069221497,83.119797706604
14,115,76.12229871749878,96.66052460670471,96.83419275283813,90.90342044830322
19,150,90.40901184082031,122.81298017501831,118.7294807434082,104.4649019241333
16,121,103.7131290435791,128.4446084499359,118.2378933429718,118.9567174911499
20,175,144.00836372375488,230.08366417884827,215.183260679245,191.11728239059448
14,104,83.52772426605225,101.5334997177124,96.07641744613647,91.93699932098389
19,154,130.76343059539795,140.11865186691284,142.6119658946991,123.8338189125061
10,78,70.54895687103271,118.79415607452393,131.1181604862213,79.83663654327393
13,117,99.26787042617798,125.41935110092163,136.31553268432617,101.85969734191895
8,77,52.66969966888428,55.83933782577515,70.91839575767517,47.776259899139404
12,116,85.36630439758301,103.7968738079071,103.63340139389038,90.94731426239014
7,66,44.81045055389404,56.62027072906494,58.95375394821167,52.673471450805664
16,147,117.78140068054199,143.54136562347412,149.30490279197693,125.90565919876099
18,131,113.04364442825317,116.07898449897766,127.74350953102112,103.52341651916504
16,133,110.1381721496582,111.6304121017456,126.741384267807,115.83334445953369
21,174,142.67211771011353,132.10289978981018,132.58923506736755,121.64813899993896
9,88,59.10886001586914,72.5160584449768,80.87923622131348,58.2461724281311
11,86,69.26168155670166,80.15280652046204,92.50563478469849,67.96551752090454
12,95,68.84588050842285,109.49574112892151,96.0622787475586,85.77566909790039
13,83,69.2205319404602,83.95084714889526,91.50816798210144,81.2295150756836
24,193,165.53007173538208,193.21673274040222,197.89091229438782,167.00385332107544
18,132,110.88541030883789,123.46618247032166,124.17017364501953,99.43253803253174
8,87,53.3669958114624,88.6099317073822,104.54109501838684,100.71888875961304
18,218,161.9656286239624,242.09664869308472,239.09821820259094,208.381854057312
9,65,64.11409187316895,86.75247478485107,101.48403406143188,64.14992475509644
17,128,100.90607738494873,110.84907841682434,107.01795387268066,90.38518524169922
14,137,99.43357515335083,121.64416074752808,114.25564980506897,113.42782068252563
22,172,144.44577741622925,175.37637639045715,156.51981568336487,159.77150630950928
14,131,94.7441759109497,104.988698720932,103.4535493850708,100.31010007858276
11,101,67.99849462509155,78.84396886825562,100.176442861557,81.76796340942383
23,177,122.65731477737427,123.70019626617432,138.61703610420227,129.47309350967407
16,130,79.43942546844482,101.83459043502808,98.43135070800781,97.84891319274902
20,183,123.8931713104248,124.89145612716675,128.49399542808533,126.34165477752686
11,77,72.57517099380493,89.53547525405884,78.56110382080078,74.59288883209229
13,123,95.2765326499939,134.8511176109314,127.74770522117615,122.8912787437439
10,87,70.7536506652832,111.31464982032776,122.74422025680542,102.34637832641602
7,50,42.04068660736084,65.5217981338501,64.80781769752502,47.96885299682617
15,115,85.07692813873291,97.78634881973267,91.73158144950867,96.70838165283203
17,138,102.773184299469,142.8983952999115,138.38847374916077,130.84496212005615
11,91,65.17005395889282,86.0397834777832,94.10049438476562,84.16566181182861
15,99,79.33025884628296,100.06026220321655,89.84355068206787,75.8940019607544
28,193,201.53238677978516,240.80048203468323,218.58223628997803,196.51125144958496
20,186,166.2657527923584,168.50858640670776,213.34531998634338,161.61924743652344
13,109,96.17218351364136,124.3049008846283,152.8269624710083,114.18591976165771
17,162,136.88880443572998,155.4650843143463,146.89720034599304,134.41683053970337
11,113,84.91376543045044,104.7065200805664,105.51461124420166,85.79887866973877
8,62,41.36516761779785,43.12567663192749,68.35584449768066,44.15478992462158
7,48,39.95410346984863,38.59623432159424,35.99847769737244,37.8715033531189
12,130,82.72109508514404,105.4463381767273,110.91839623451233,95.51719999313354
19,185,148.19791078567505,174.21513986587524,190.15403842926025,203.80642318725586
7,67,40.41222858428955,70.94431734085083,79.5159842967987,57.130348205566406
13,130,88.86165380477905,110.22199535369873,114.01198887825012,101.14553785324097
13,112,89.38370847702026,112.44165849685669,118.61878371238708,99.53836727142334
21,192,157.37827587127686,149.9097921848297,161.88142681121826,141.2410740852356
19,150,122.7574725151062,176.78080010414124,184.34761261940002,139.43758487701416
20,162,140.08034372329712,160.80646419525146,161.8404769897461,144.12258291244507
13,117,110.45596122741699,136.31686353683472,165.3448987007141,117.79394340515137
7,60,44.93769311904907,60.171098709106445,52.219560384750366,40.71320390701294
18,170,124.03795099258423,142.86292552947998,144.7326362133026,124.04498195648193
18,201,139.52054357528687,177.9729175567627,180.22424411773682,168.10872602462769
24,188,168.38828372955322,178.71797585487366,189.46448159217834,162.2888503074646
10,92,66.57712745666504,62.78556156158447,66.6099214553833,57.21425724029541
12,110,96.22068738937378,113.20149612426758,128.10462713241577,100.83322525024414
15,148,107.70841979980469,143.37444925308228,154.75734090805054,126.36451625823975
10,88,71.59774875640869,83.74890851974487,88.62951159477234,83.08991575241089
14,168,107.53621292114258,155.10885429382324,165.04839706420898,138.99255800247192
7,70,38.236913204193115,55.32326698303223,58.19657564163208,47.27656269073486
20,198,161.079580783844,219.06042051315308,206.39592051506042,184.64523363113403
20,187,152.02737188339233,186.05296301841736,200.36510276794434,169.46817541122437
16,159,117.9507360458374,138.77164387702942,148.53336095809937,127.83183574676514
13,125,86.72419166564941,121.70803499221802,113.15500473976135,106.4579873085022
12,122,85.39525318145752,129.1880145072937,119.36511063575745,101.43064451217651
10,86,64.15923500061035,80.07897758483887,87.99451613426208,74.94109106063843
12,129,86.99426317214966,124.0604784488678,131.73844361305237,129.5203619003296
12,144,90.53140640258789,113.74690461158752,109.68706154823303,107.15102243423462
9,66,59.84559631347656,79.6691484451294,74.62921476364136,55.11095333099365
9,91,60.6210880279541,86.47047638893127,93.636075258255,66.65927791595459
5,38,24.721882820129395,35.26354360580444,48.432995080947876,46.32727098464966
19,193,156.24101066589355,187.74529266357422,202.1955921649933,161.9070873260498
17,190,140.97179746627808,217.49636483192444,223.50146746635437,186.12246704101562
7,49,34.62518644332886,62.94100999832153,57.045552492141724,50.1922926902771
9,77,63.706695556640625,90.41157531738281,87.94039368629456,75.68021869659424
18,198,138.3202576637268,155.9760308265686,152.179456949234,159.05655527114868
21,190,158.0823130607605,185.1573624610901,189.7717363834381,169.0225019454956
10,107,66.86007690429688,75.93691682815552,80.29154896736145,79.58718729019165
10,129,67.63068723678589,114.2713885307312,123.2963273525238,101.59763956069946
6,48,40.31558418273926,55.6453914642334,74.86832356452942,49.91776132583618
13,154,97.81213521957397,154.02439713478088,158.277281999588,152.00806379318237
13,106,94.2759256362915,95.19373226165771,103.87061166763306,94.25362968444824
16,141,119.0611834526062,142.74667930603027,140.83675122261047,123.4187068939209
8,71,45.08515167236328,76.73895812034607,78.03806114196777,66.33585453033447
6,46,40.63021659851074,45.69155931472778,40.76656699180603,41.21377658843994
13,149,95.76521635055542,113.62894630432129,105.25558376312256,99.19573974609375
6,62,39.37701416015625,73.2622857093811,76.47211194038391,72.99998378753662
20,195,140.6916732788086,154.48336458206177,154.157470703125,147.73238134384155
8,83,55.94466257095337,99.32007217407227,117.2830924987793,95.23112678527832
7,55,41.07613563537598,58.606557846069336,61.09317183494568,45.546783447265625
18,160,133.4800853729248,165.1559178829193,157.6291856765747,147.99520444869995
9,106,65.55445957183838,78.35247230529785,90.64517569541931,73.74351406097412
7,50,35.612727642059326,43.36842942237854,47.84914708137512,29.453685760498047
8,84,46.616514682769775,71.10580015182495,77.01945447921753,63.51466131210327
9,78,61.79666328430176,61.58565831184387,68.39574575424194,55.13373517990112
11,101,72.29704093933105,95.47846484184265,83.06321978569031,74.59529447555542
20,204,161.7443242073059,175.0965554714203,171.2537326812744,160.54174852371216
9,90,53.14379024505615,61.153027057647705,65.09586119651794,50.82902240753174
13,102,82.76926612854004,83.94336557388306,95.56907939910889,72.48889780044556
9,89,51.37360763549805,77.74053573608398,62.38818049430847,74.08822822570801
28,245,197.75578498840332,200.51427030563354,196.92255187034607,211.14596605300903
12,85,77.82376289367676,100.39415168762207,104.71247029304504,94.0381407737732
22,203,147.99839401245117,189.44931316375732,178.33494997024536,184.30900382995605
17,168,125.0095329284668,137.9659616947174,138.18402242660522,141.26347732543945
19,202,153.05613470077515,195.4960012435913,183.7181797027588,176.8227882385254
14,160,112.70244884490967,151.7537989616394,142.31620693206787,156.75294589996338
18,167,123.22079086303711,142.73869609832764,146.82944703102112,120.80309247970581
17,164,123.63424587249756,130.86561131477356,146.13611674308777,122.09120750427246
16,190,140.0607271194458,178.70237493515015,163.73826003074646,163.4307370185852
12,116,96.31164121627808,111.36702346801758,114.85114741325378,93.10000467300415
10,85,67.57624244689941,97.43447351455688,94.37356114387512,74.61578321456909
12,104,96.91785478591919,116.55821084976196,123.48443078994751,97.76910829544067
12,106,74.71129941940308,80.31849360466003,92.41995930671692,78.72844886779785
15,142,107.32595157623291,114.23947930335999,132.99825167655945,105.5591869354248
8,43,40.58842182159424,54.28959107398987,61.20608448982239,40.614076137542725
23,213,170.7538070678711,213.2552170753479,211.8685541152954,180.46377038955688
16,148,114.91852855682373,124.50290536880493,125.9066390991211,120.53446435928345
21,177,141.06608390808105,144.67432737350464,151.81890678405762,130.69439363479614
12,141,88.72587776184082,99.07953977584839,101.58876466751099,91.38235235214233
16,137,117.79761791229248,138.22298336029053,134.3148946762085,115.67490530014038
9,111,62.78911209106445,89.62377738952637,108.95195746421814,74.2634425163269
13,140,107.68171739578247,149.4266631603241,155.69306588172913,132.41976308822632
16,152,112.84762191772461,121.39646983146667,113.06581830978394,108.84315395355225
8,69,58.06772422790527,63.415552854537964,86.38525938987732,55.23129320144653
17,166,137.6915726661682,146.96420669555664,160.31151127815247,136.43046283721924
15,137,114.18551254272461,127.19170498847961,122.13300967216492,110.48397207260132
10,92,64.35285377502441,86.93386006355286,85.1182975769043,78.90566301345825
26,238,188.952250957489,231.21202278137207,214.21781587600708,212.93366622924805
23,231,176.46741247177124,216.90785908699036,204.85082840919495,201.3672161102295
15,160,117.2695779800415,134.88586926460266,149.19876146316528,131.58731174468994
14,148,107.66462516784668,118.708487033844,122.592933177948,104.68796157836914
11,125,80.89853143692017,117.40018224716187,132.05371522903442,111.77468585968018
9,84,56.652976512908936,71.24070310592651,67.22226786613464,57.51683807373047
7,54,39.3864221572876,49.429457664489746,60.95298528671265,44.98260259628296
8,69,49.39909744262695,67.29801321029663,61.93756055831909,51.03242492675781
11,92,71.87758827209473,68.50914645195007,83.20569825172424,60.75735664367676
10,101,75.37848377227783,109.05204367637634,107.41847538948059,98.58191204071045
20,189,151.5045747756958,182.6176152229309,206.37249732017517,176.21457815170288
11,101,79.53205728530884,90.7861704826355,99.72125458717346,70.19140386581421
14,159,110.29914283752441,165.5957751274109,170.11691880226135,149.98540925979614
21,218,167.9493727684021,159.70678281784058,179.38539147377014,155.75922441482544
14,123,95.91541528701782,117.01570153236389,130.44681692123413,130.57682514190674
16,149,111.03037071228027,158.52517199516296,169.7501311302185,158.1494026184082
20,177,151.36575937271118,163.85056281089783,163.462420463562,147.32076454162598
16,135,102.33876657485962,119.27636981010437,127.89562368392944,100.10850667953491
20,238,173.30598878860474,203.75833082199097,183.61682558059692,178.7198576927185
15,109,92.03505802154541,94.08541250228882,109.70000839233398,91.47477674484253
22,141,116.13632345199585,104.51667404174805,115.8896107673645,105.02839183807373
12,81,69.66550540924072,97.13831353187561,106.35699772834778,88.47286128997803
18,105,84.1630802154541,64.03023052215576,67.6886510848999,66.07518005371094
17,125,114.40465021133423,140.44616627693176,137.07962203025818,133.61363220214844
12,114,71.19617223739624,63.483113288879395,74.41648697853088,67.34684133529663
21,179,167.26211404800415,164.73278641700745,156.16280007362366,165.65994024276733
18,135,127.19621419906616,169.9006803035736,174.49309039115906,162.44098138809204
11,115,89.79826831817627,80.95150184631348,82.32883644104004,79.86923599243164
12,121,84.68636322021484,109.39807271957397,125.79731750488281,101.37803077697754
13,154,108.57074642181396,125.03994154930115,131.62157583236694,124.40229082107544
23,263,191.9604058265686,200.24662566184998,203.7906596660614,187.66963243484497
23,227,193.67065477371216,173.689040184021,171.12015318870544,157.6011781692505
22,168,128.3202838897705,112.1146194934845,109.51126265525818,104.27912139892578
23,225,187.72611808776855,266.9826662540436,232.70464992523193,223.4199047088623
9,116,67.12465763092041,115.37731075286865,105.0080418586731,78.07321357727051
22,236,163.62373971939087,173.33458304405212,177.63459134101868,168.20345735549927
15,158,109.77979183197021,142.34452629089355,142.256769657135,123.48702430725098
18,150,113.34490060806274,129.56191635131836,126.52840089797974,110.77177906036377
19,156,117.18764925003052,162.35718488693237,148.52925062179565,137.83378648757935
10,110,81.12842226028442,124.4378387928009,119.80432200431824,113.1487021446228
26,203,157.46158647537231,176.5163643360138,178.9812490940094,165.2542209625244
22,204,165.55642223358154,202.59406661987305,174.04362106323242,163.32254266738892
9,71,56.27706241607666,53.23175024986267,51.06857490539551,57.84099102020264
24,269,210.57072734832764,232.62095642089844,220.8980793952942,219.54064512252808
14,96,79.18095207214355,90.57244300842285,94.11024260520935,77.84330797195435
11,77,48.65234375,70.79525995254517,76.69151043891907,64.15604829788208
22,167,117.41122150421143,131.19116163253784,140.05436539649963,109.54200220108032
10,137,87.46256637573242,99.62678170204163,105.95577192306519,98.45739316940308
14,110,78.77057409286499,84.25343894958496,86.29910707473755,82.57038593292236
17,129,104.57475996017456,124.01918697357178,116.31370496749878,102.92332458496094
17,162,114.23967218399048,145.95379447937012,151.15465235710144,125.19347429275513
30,269,237.06763362884521,277.16651582717896,258.6595516204834,242.868718624115
31,258,191.54307222366333,197.42608213424683,210.0599443912506,185.40114974975586
23,163,141.0148425102234,145.92305612564087,145.09614872932434,135.73241901397705
16,194,128.90822553634644,165.2974729537964,145.41250586509705,140.35805749893188
15,95,91.70634031295776,113.25661563873291,114.772465467453,108.46223449707031
8,65,51.3897762298584,42.67398166656494,49.62070846557617,43.860339641571045
15,153,122.4593734741211,149.38958764076233,137.20851731300354,137.21835947036743
14,96,70.33698606491089,76.24499750137329,95.30443668365479,78.87466716766357
19,144,108.57005262374878,126.38223314285278,130.52619647979736,110.43636083602905
20,151,134.00343370437622,151.9313244819641,137.64136409759521,136.15258026123047
31,278,198.40538787841797,195.84258365631104,202.972336769104,181.77698373794556
18,123,104.85323667526245,110.5879020690918,105.66426992416382,115.55548810958862
8,68,47.914323806762695,61.08191633224487,72.29243803024292,45.322224617004395
13,97,70.47346019744873,79.36491632461548,75.05475115776062,79.0904188156128
16,146,95.41038274765015,136.09798383712769,133.14933443069458,120.87925100326538
18,164,117.09980344772339,159.8665156364441,138.29393982887268,134.91770792007446
24,252,187.68966245651245,229.35350489616394,241.81232595443726,206.30551052093506
19,183,159.84890747070312,169.3007791042328,187.7947075366974,161.60139989852905
21,184,129.99584770202637,140.72214317321777,148.63785767555237,138.29250621795654
30,241,159.03079557418823,197.45766687393188,198.28231167793274,179.72285747528076
12,101,82.73894929885864,84.52627897262573,82.44695162773132,73.0676589012146
13,111,91.76607513427734,143.30005645751953,137.14294004440308,118.54033184051514
17,165,136.21912813186646,178.3367486000061,174.2019510269165,176.78426313400269
19,167,131.93071460723877,142.25806188583374,156.05763387680054,124.54590272903442
20,193,149.12246131896973,193.3265368938446,176.23667645454407,168.93369102478027
26,202,153.2176651954651,158.554940700531,155.6983141899109,143.576087474823
10,69,43.693185806274414,67.92321300506592,74.3375551700592,52.963219165802
19,193,156.3562560081482,229.1276340484619,202.65870189666748,187.16747283935547
36,309,250.15001583099365,307.4697971343994,307.97265553474426,306.14415645599365
20,165,150.53823947906494,172.51204133033752,163.05438017845154,135.60780572891235
22,147,132.09127187728882,157.93603420257568,147.5188398361206,119.81390714645386
19,131,113.96177291870117,111.3114287853241,114.41520166397095,104.3009901046753
15,104,87.92873525619507,92.92326545715332,99.21371960639954,84.53316640853882
18,183,165.71092414855957,216.57553148269653,218.2323009967804,190.93558645248413
13,88,77.62685537338257,87.68896102905273,89.38611698150635,83.19088792800903
24,262,199.381103515625,254.20152235031128,250.79445815086365,237.74855661392212
13,125,105.85829162597656,149.41271018981934,137.554945230484,128.29584980010986
9,76,63.70690155029297,99.90026092529297,99.24586606025696,99.29119777679443
13,109,105.10244178771973,132.1400818824768,139.99906134605408,104.7341628074646
17,152,131.4242720603943,157.66182327270508,151.99323511123657,134.59854316711426
13,108,78.59429979324341,74.52255582809448,87.48725008964539,77.63935470581055
10,77,60.185232639312744,83.97403502464294,95.79737305641174,74.19095659255981
29,280,233.83443117141724,245.22466611862183,261.9915280342102,241.36392498016357
21,182,141.97741079330444,210.32081079483032,209.97185254096985,185.28397607803345
17,165,139.35584592819214,142.18026638031006,150.6727740764618,135.79926300048828
12,143,91.69715881347656,134.51743745803833,131.14938497543335,115.20128345489502
14,116,97.72338056564331,132.9346568584442,121.33432745933533,113.55339097976685
19,176,150.9839425086975,160.2135214805603,165.1332151889801,155.88443803787231
22,199,156.8455777168274,180.65180826187134,174.22523498535156,165.69636487960815
9,67,63.40738010406494,66.48791742324829,62.468788862228394,53.60820150375366
11,108,90.38504219055176,127.49619436264038,123.13698124885559,94.4271593093872
12,94,83.34188175201416,104.79305338859558,109.98265433311462,90.92545747756958
15,136,114.13718128204346,116.57746481895447,130.43094754219055,117.44168996810913
15,148,123.12030696868896,171.60737538337708,165.80296230316162,142.80776929855347
12,83,89.34735202789307,111.48334550857544,101.29403400421143,85.51320600509644
9,73,59.21923017501831,77.21380305290222,79.75575923919678,67.30642461776733
6,44,37.54122543334961,39.410261154174805,47.37035894393921,36.02751636505127
13,88,95.77969312667847,93.40385246276855,105.81284761428833,78.85955953598022
20,195,161.77562189102173,166.5893726348877,169.17254376411438,155.08339405059814
23,161,138.7475528717041,174.35717153549194,176.37800908088684,153.73272562026978
13,105,97.14445924758911,102.3530068397522,104.97591948509216,95.08479976654053
28,218,173.97143125534058,224.00179195404053,253.99160265922546,197.2360281944275
22,113,106.76926851272583,147.5182363986969,140.93758058547974,129.35281038284302
23,208,156.176109790802,200.97082710266113,185.46727538108826,159.62754678726196
18,135,115.02553272247314,99.40700340270996,100.67520880699158,101.29208087921143
28,222,205.72431707382202,192.73712372779846,188.35634756088257,164.15592575073242
14,117,102.35784912109375,109.45740079879761,112.078453540802,96.02127075195312
16,110,97.51174354553223,103.4726676940918,101.10461378097534,88.38752889633179
13,92,72.7554578781128,77.67152881622314,84.83076667785645,74.00310277938843
16,153,103.82339811325073,113.47753858566284,129.337904214859,97.35081768035889
15,100,84.28147506713867,109.22913122177124,97.57641887664795,99.3783130645752
28,238,195.06118965148926,293.8406677246094,255.0645318031311,257.66061210632324
26,202,190.38389205932617,202.16639471054077,193.16513800621033,183.6586833000183
23,147,174.86787176132202,183.60729432106018,210.46041417121887,179.8139500617981
10,45,40.123231410980225,48.906484603881836,49.635616302490234,40.076797008514404
15,107,89.29547786712646,112.37424516677856,115.65917992591858,88.45408582687378
13,129,98.55886268615723,101.89939475059509,112.70702362060547,93.70893716812134
15,132,113.88989925384521,122.52164649963379,108.54277873039246,99.60787153244019
14,142,112.64043807983398,123.51681423187256,134.8065161705017,111.63985109329224
24,201,207.5706000328064,219.4257128238678,244.15897941589355,210.1641035079956
24,167,150.5711226463318,163.55777525901794,187.13464379310608,160.62411069869995
13,115,89.75491523742676,93.8941490650177,96.49198889732361,78.3661060333252
17,96,71.8256287574768,100.37894010543823,92.66480088233948,86.49667310714722
23,166,156.73948574066162,197.97986793518066,196.35123777389526,177.8661937713623
26,208,196.77699041366577,221.27400612831116,207.41807889938354,192.491313457489
22,169,150.1126160621643,220.95158863067627,231.93398880958557,191.42645835876465
13,96,93.99375009536743,112.22998476028442,117.40941119194031,95.76787042617798
9,65,36.99942970275879,85.07807540893555,82.22566938400269,81.29502010345459
27,181,202.53691816329956,204.5076138973236,203.85153889656067,196.48864841461182
20,139,116.04883289337158,132.0186791419983,126.20343923568726,119.24958992004395
11,86,86.99194145202637,98.44979667663574,91.4880006313324,79.84033489227295
10,115,81.96633911132812,85.70258378982544,99.4855420589447,89.48766279220581
36,257,206.66526174545288,236.08970761299133,248.93932366371155,240.00703954696655
32,203,151.716863155365,161.51925373077393,155.54027819633484,152.57560682296753
43,310,243.7712802886963,241.8825511932373,234.0311028957367,225.91998100280762
21,216,176.39234495162964,251.50103783607483,229.43275690078735,211.75121784210205
22,179,132.54108047485352,150.88819789886475,126.75061917304993,132.85796308517456
24,224,188.32995080947876,258.9852352142334,233.68579030036926,202.1372265815735
15,93,69.62589979171753,78.80396699905396,67.73794984817505,65.27966165542603
15,108,77.65853023529053,115.74893856048584,116.6938202381134,96.54889583587646
23,209,168.7202730178833,201.79401350021362,206.20868730545044,189.13719749450684
13,119,97.37462759017944,96.61291837692261,93.91242933273315,90.2848105430603
17,223,133.57222318649292,166.25018453598022,181.03854370117188,154.40212202072144
